category,file,codec,codec_profile,resolution,width,height,bitrate_mbps,nominal_fps,average_fps,pixel_format,possible_vfr,status,warning_count,trouble_score,severity,most_troubling,trouble_reason
TV,/Volumes/Bag O Holdn/Videos (Project Nonsense)/TV/Arcane/Arcane Ep1.mp4,h264,High,852x480,852,480,0.31,24.0,24.0,yuv420p,False,OK,0,0,OK,NONE,No major warning was found by the current checks.
TV,/Volumes/Bag O Holdn/Videos (Project Nonsense)/TV/Arcane/Arcane Ep2.mp4,h264,High,852x480,852,480,0.23,24.0,24.0,yuv420p,False,OK,0,0,OK,NONE,No major warning was found by the current checks.
TV,/Volumes/Bag O Holdn/Videos (Project Nonsense)/TV/Arcane/Arcane Ep3.mp4,h264,High,852x480,852,480,0.29,24.0,24.0,yuv420p,False,OK,0,0,OK,NONE,No major warning was found by the current checks.
TV,/Volumes/Bag O Holdn/Videos (Project Nonsense)/TV/Arcane/Arcane Ep4.mp4,h264,High,852x480,852,480,0.3,24.0,24.0,yuv420p,False,OK,0,0,OK,NONE,No major warning was found by the current checks.
TV,/Volumes/Bag O Holdn/Videos (Project Nonsense)/TV/Arcane/Arcane Ep5.mp4,h264,High,852x480,852,480,0.28,24.0,24.0,yuv420p,False,OK,0,0,OK,NONE,No major warning was found by the current checks.
TV,/Volumes/Bag O Holdn/Videos (Project Nonsense)/TV/Arcane/Arcane Ep6.mp4,h264,High,852x480,852,480,0.27,24.0,24.0,yuv420p,False,OK,0,0,OK,NONE,No major warning was found by the current checks.
TV,/Volumes/Bag O Holdn/Videos (Project Nonsense)/TV/Arcane/Arcane Ep7.mp4,h264,High,852x480,852,480,0.31,24.0,24.0,yuv420p,False,OK,0,0,OK,NONE,No major warning was found by the current checks.
TV,/Volumes/Bag O Holdn/Videos (Project Nonsense)/TV/Arcane/Arcane Ep8.mp4,h264,High,852x480,852,480,0.28,24.0,24.0,yuv420p,False,OK,0,0,OK,NONE,No major warning was found by the current checks.
TV,/Volumes/Bag O Holdn/Videos (Project Nonsense)/TV/Arcane/Arcane Ep9.mp4,h264,High,852x480,852,480,0.28,24.0,24.0,yuv420p,False,OK,0,0,OK,NONE,No major warning was found by the current checks.
TV,/Volumes/Bag O Holdn/Videos (Project Nonsense)/TV/Arcane/Arcane S2 Ep1.mp4,h264,High,852x480,852,480,0.32,24.0,24.0,yuv420p,False,OK,0,0,OK,NONE,No major warning was found by the current checks.
TV,/Volumes/Bag O Holdn/Videos (Project Nonsense)/TV/Arcane/Arcane S2 Ep2.mp4,h264,High,852x480,852,480,0.31,24.0,24.0,yuv420p,False,OK,0,0,OK,NONE,No major warning was found by the current checks.
TV,/Volumes/Bag O Holdn/Videos (Project Nonsense)/TV/Arcane/Arcane S2 Ep3.mp4,h264,High,852x480,852,480,0.34,24.0,24.0,yuv420p,False,OK,0,0,OK,NONE,No major warning was found by the current checks.
TV,/Volumes/Bag O Holdn/Videos (Project Nonsense)/TV/Arcane/Arcane S2 Ep4.mp4,h264,High,852x480,852,480,0.32,24.0,24.0,yuv420p,False,OK,0,0,OK,NONE,No major warning was found by the current checks.
TV,/Volumes/Bag O Holdn/Videos (Project Nonsense)/TV/Arcane/Arcane S2 Ep5.mp4,h264,High,852x480,852,480,0.29,24.0,24.0,yuv420p,False,OK,0,0,OK,NONE,No major warning was found by the current checks.
TV,/Volumes/Bag O Holdn/Videos (Project Nonsense)/TV/Arcane/Arcane S2 Ep6.mp4,h264,High,852x480,852,480,0.35,24.0,24.0,yuv420p,False,OK,0,0,OK,NONE,No major warning was found by the current checks.
TV,/Volumes/Bag O Holdn/Videos (Project Nonsense)/TV/Arcane/Arcane S2 Ep7.mp4,h264,High,852x480,852,480,0.34,24.0,24.0,yuv420p,False,OK,0,0,OK,NONE,No major warning was found by the current checks.
TV,/Volumes/Bag O Holdn/Videos (Project Nonsense)/TV/Arcane/Arcane S2 Ep8.mp4,h264,High,852x480,852,480,0.24,24.0,24.0,yuv420p,False,OK,0,0,OK,NONE,No major warning was found by the current checks.
TV,/Volumes/Bag O Holdn/Videos (Project Nonsense)/TV/Arcane/Arcane S2 Ep9.mp4,h264,High,852x480,852,480,0.43,24.0,24.0,yuv420p,False,OK,0,0,OK,NONE,No major warning was found by the current checks.
TV,/Volumes/Bag O Holdn/Videos (Project Nonsense)/TV/Azumanga Daioh/Azumanga Daioh Ep 1.mp4,h264,High,640x480,640,480,0.22,23.976,23.976,yuvj420p,False,OK,0,0,OK,NONE,No major warning was found by the current checks.
TV,/Volumes/Bag O Holdn/Videos (Project Nonsense)/TV/Azumanga Daioh/Azumanga Daioh Ep 2.mp4,h264,High,640x480,640,480,0.17,23.976,23.976,yuvj420p,False,OK,0,0,OK,NONE,No major warning was found by the current checks.
TV,/Volumes/Bag O Holdn/Videos (Project Nonsense)/TV/Azumanga Daioh/Azumanga Daioh Ep 3.mp4,h264,High,640x480,640,480,0.22,23.976,23.976,yuvj420p,False,OK,0,0,OK,NONE,No major warning was found by the current checks.
TV,/Volumes/Bag O Holdn/Videos (Project Nonsense)/TV/Azumanga Daioh/Azumanga Daioh Ep 4.mp4,h264,High,640x480,640,480,0.2,23.976,23.976,yuvj420p,False,OK,0,0,OK,NONE,No major warning was found by the current checks.
TV,/Volumes/Bag O Holdn/Videos (Project Nonsense)/TV/Azumanga Daioh/Azumanga Daioh Ep 5.mp4,h264,High,640x480,640,480,0.18,23.976,23.976,yuvj420p,False,OK,0,0,OK,NONE,No major warning was found by the current checks.
TV,/Volumes/Bag O Holdn/Videos (Project Nonsense)/TV/Azumanga Daioh/Azumanga Daioh Ep 6.mp4,h264,High,640x480,640,480,0.25,23.976,23.976,yuvj420p,False,OK,0,0,OK,NONE,No major warning was found by the current checks.
TV,/Volumes/Bag O Holdn/Videos (Project Nonsense)/TV/Azumanga Daioh/Azumanga Daioh Ep 7.mp4,h264,High,640x480,640,480,0.18,23.976,23.976,yuvj420p,False,OK,0,0,OK,NONE,No major warning was found by the current checks.
TV,/Volumes/Bag O Holdn/Videos (Project Nonsense)/TV/Azumanga Daioh/Azumanga Daioh Ep 8.mp4,h264,High,640x480,640,480,0.21,23.976,23.976,yuvj420p,False,OK,0,0,OK,NONE,No major warning was found by the current checks.
TV,/Volumes/Bag O Holdn/Videos (Project Nonsense)/TV/Azumanga Daioh/Azumanga Daioh Ep 9.mp4,h264,High,640x480,640,480,0.2,23.976,23.976,yuvj420p,False,OK,0,0,OK,NONE,No major warning was found by the current checks.
TV,/Volumes/Bag O Holdn/Videos (Project Nonsense)/TV/Azumanga Daioh/Azumanga Daioh Ep 10.mp4,h264,High,640x480,640,480,0.21,23.976,23.976,yuvj420p,False,OK,0,0,OK,NONE,No major warning was found by the current checks.
TV,/Volumes/Bag O Holdn/Videos (Project Nonsense)/TV/Azumanga Daioh/Azumanga Daioh Ep 11.mp4,h264,High,640x480,640,480,0.2,23.976,23.976,yuvj420p,False,OK,0,0,OK,NONE,No major warning was found by the current checks.
TV,/Volumes/Bag O Holdn/Videos (Project Nonsense)/TV/Azumanga Daioh/Azumanga Daioh Ep 12.mp4,h264,High,640x480,640,480,0.21,23.976,23.976,yuvj420p,False,OK,0,0,OK,NONE,No major warning was found by the current checks.
TV,/Volumes/Bag O Holdn/Videos (Project Nonsense)/TV/Azumanga Daioh/Azumanga Daioh Ep 13.mp4,h264,High,640x480,640,480,0.23,23.976,23.976,yuvj420p,False,OK,0,0,OK,NONE,No major warning was found by the current checks.
TV,/Volumes/Bag O Holdn/Videos (Project Nonsense)/TV/Azumanga Daioh/Azumanga Daioh Ep 14.mp4,h264,High,640x480,640,480,0.22,23.976,23.976,yuvj420p,False,OK,0,0,OK,NONE,No major warning was found by the current checks.
TV,/Volumes/Bag O Holdn/Videos (Project Nonsense)/TV/Azumanga Daioh/Azumanga Daioh Ep 15.mp4,h264,High,640x480,640,480,0.23,23.976,23.976,yuvj420p,False,OK,0,0,OK,NONE,No major warning was found by the current checks.
TV,/Volumes/Bag O Holdn/Videos (Project Nonsense)/TV/Azumanga Daioh/Azumanga Daioh Ep 16.mp4,h264,High,640x480,640,480,0.18,23.976,23.976,yuvj420p,False,OK,0,0,OK,NONE,No major warning was found by the current checks.
TV,/Volumes/Bag O Holdn/Videos (Project Nonsense)/TV/Azumanga Daioh/Azumanga Daioh Ep 17.mp4,h264,High,640x480,640,480,0.2,23.976,23.976,yuvj420p,False,OK,0,0,OK,NONE,No major warning was found by the current checks.
TV,/Volumes/Bag O Holdn/Videos (Project Nonsense)/TV/Azumanga Daioh/Azumanga Daioh Ep 18.mp4,h264,High,640x480,640,480,0.21,23.976,23.976,yuvj420p,False,OK,0,0,OK,NONE,No major warning was found by the current checks.
TV,/Volumes/Bag O Holdn/Videos (Project Nonsense)/TV/Azumanga Daioh/Azumanga Daioh Ep 19.mp4,h264,High,640x480,640,480,0.18,23.976,23.976,yuvj420p,False,OK,0,0,OK,NONE,No major warning was found by the current checks.
TV,/Volumes/Bag O Holdn/Videos (Project Nonsense)/TV/Azumanga Daioh/Azumanga Daioh Ep 20.mp4,h264,High,640x480,640,480,0.21,23.976,23.976,yuvj420p,False,OK,0,0,OK,NONE,No major warning was found by the current checks.
TV,/Volumes/Bag O Holdn/Videos (Project Nonsense)/TV/Azumanga Daioh/Azumanga Daioh Ep 21.mp4,h264,High,640x480,640,480,0.22,23.976,23.976,yuvj420p,False,OK,0,0,OK,NONE,No major warning was found by the current checks.
TV,/Volumes/Bag O Holdn/Videos (Project Nonsense)/TV/Azumanga Daioh/Azumanga Daioh Ep 22.mp4,h264,High,640x480,640,480,0.19,23.976,23.976,yuvj420p,False,OK,0,0,OK,NONE,No major warning was found by the current checks.
TV,/Volumes/Bag O Holdn/Videos (Project Nonsense)/TV/Azumanga Daioh/Azumanga Daioh Ep 23.mp4,h264,High,640x480,640,480,0.29,23.976,23.976,yuvj420p,False,OK,0,0,OK,NONE,No major warning was found by the current checks.
TV,/Volumes/Bag O Holdn/Videos (Project Nonsense)/TV/Azumanga Daioh/Azumanga Daioh Ep 24.mp4,h264,High,640x480,640,480,0.2,23.976,23.976,yuvj420p,False,OK,0,0,OK,NONE,No major warning was found by the current checks.
TV,/Volumes/Bag O Holdn/Videos (Project Nonsense)/TV/Azumanga Daioh/Azumanga Daioh Ep 25.mp4,h264,High,640x480,640,480,0.2,23.976,23.976,yuvj420p,False,OK,0,0,OK,NONE,No major warning was found by the current checks.
TV,/Volumes/Bag O Holdn/Videos (Project Nonsense)/TV/Azumanga Daioh/Azumanga Daioh Ep 26.mp4,h264,High,640x480,640,480,0.26,23.976,23.976,yuvj420p,False,OK,0,0,OK,NONE,No major warning was found by the current checks.
TV,/Volumes/Bag O Holdn/Videos (Project Nonsense)/TV/Azumanga Daioh/Azumanga Daioh Ep 27.mp4,h264,High,640x352,640,352,0.39,23.976,23.976,yuv420p,False,OK,0,0,OK,NONE,No major warning was found by the current checks.
TV,/Volumes/Bag O Holdn/Videos (Project Nonsense)/TV/Batman Brave n Bold/Batman The Brave and Bold ep- 1.mp4,h264,High,1024x576,1024,576,0.64,23.976,23.976,yuv420p,False,OK,0,0,OK,NONE,No major warning was found by the current checks.
TV,/Volumes/Bag O Holdn/Videos (Project Nonsense)/TV/Batman Brave n Bold/Batman The Brave and Bold ep- 2.mp4,h264,High,1024x576,1024,576,0.78,23.976,23.976,yuv420p,False,OK,0,0,OK,NONE,No major warning was found by the current checks.
TV,/Volumes/Bag O Holdn/Videos (Project Nonsense)/TV/Batman Brave n Bold/Batman The Brave and Bold ep- 3.mp4,h264,High,1024x576,1024,576,0.7,23.976,23.976,yuv420p,False,OK,0,0,OK,NONE,No major warning was found by the current checks.
TV,/Volumes/Bag O Holdn/Videos (Project Nonsense)/TV/Batman Brave n Bold/Batman The Brave and Bold ep- 4.mp4,h264,High,1024x576,1024,576,0.7,23.976,23.976,yuv420p,False,OK,0,0,OK,NONE,No major warning was found by the current checks.
TV,/Volumes/Bag O Holdn/Videos (Project Nonsense)/TV/Batman Brave n Bold/Batman The Brave and Bold ep- 5.mp4,h264,High,1024x576,1024,576,0.72,23.976,23.976,yuv420p,False,OK,0,0,OK,NONE,No major warning was found by the current checks.
TV,/Volumes/Bag O Holdn/Videos (Project Nonsense)/TV/Batman Brave n Bold/Batman The Brave and Bold ep- 6.mp4,h264,High,1024x576,1024,576,0.72,23.976,23.976,yuv420p,False,OK,0,0,OK,NONE,No major warning was found by the current checks.
TV,/Volumes/Bag O Holdn/Videos (Project Nonsense)/TV/Batman Brave n Bold/Batman The Brave and Bold ep- 7.mp4,h264,High,1024x576,1024,576,0.58,23.976,23.976,yuv420p,False,OK,0,0,OK,NONE,No major warning was found by the current checks.
TV,/Volumes/Bag O Holdn/Videos (Project Nonsense)/TV/Batman Brave n Bold/Batman The Brave and Bold ep- 8.mp4,h264,High,1024x576,1024,576,0.65,23.976,23.976,yuv420p,False,OK,0,0,OK,NONE,No major warning was found by the current checks.
TV,/Volumes/Bag O Holdn/Videos (Project Nonsense)/TV/Batman Brave n Bold/Batman The Brave and Bold ep- 9.mp4,h264,High,1024x576,1024,576,0.69,23.976,23.976,yuv420p,False,OK,0,0,OK,NONE,No major warning was found by the current checks.
TV,/Volumes/Bag O Holdn/Videos (Project Nonsense)/TV/Batman Brave n Bold/Batman The Brave and Bold ep- 10.mp4,h264,High,1024x576,1024,576,0.72,23.976,23.976,yuv420p,False,OK,0,0,OK,NONE,No major warning was found by the current checks.
TV,/Volumes/Bag O Holdn/Videos (Project Nonsense)/TV/Batman Brave n Bold/Batman The Brave and Bold ep- 11.mp4,h264,High,1024x576,1024,576,0.65,23.976,23.976,yuv420p,False,OK,0,0,OK,NONE,No major warning was found by the current checks.
TV,/Volumes/Bag O Holdn/Videos (Project Nonsense)/TV/Batman Brave n Bold/Batman The Brave and Bold ep- 12.mp4,h264,High,1024x576,1024,576,0.54,23.976,23.976,yuv420p,False,OK,0,0,OK,NONE,No major warning was found by the current checks.
TV,/Volumes/Bag O Holdn/Videos (Project Nonsense)/TV/Batman Brave n Bold/Batman The Brave and Bold ep- 13.mp4,h264,High,1024x576,1024,576,0.65,23.976,23.976,yuv420p,False,OK,0,0,OK,NONE,No major warning was found by the current checks.
TV,/Volumes/Bag O Holdn/Videos (Project Nonsense)/TV/Batman Brave n Bold/Batman The Brave and Bold ep- 14.mp4,h264,High,1024x576,1024,576,0.74,23.976,23.976,yuv420p,False,OK,0,0,OK,NONE,No major warning was found by the current checks.
TV,/Volumes/Bag O Holdn/Videos (Project Nonsense)/TV/Batman Brave n Bold/Batman The Brave and Bold ep- 15.mp4,h264,High,1024x576,1024,576,0.59,23.976,23.976,yuv420p,False,OK,0,0,OK,NONE,No major warning was found by the current checks.
TV,/Volumes/Bag O Holdn/Videos (Project Nonsense)/TV/Batman Brave n Bold/Batman The Brave and Bold ep- 16.mp4,h264,High,1024x576,1024,576,0.59,23.976,23.976,yuv420p,False,OK,0,0,OK,NONE,No major warning was found by the current checks.
TV,/Volumes/Bag O Holdn/Videos (Project Nonsense)/TV/Batman Brave n Bold/Batman The Brave and Bold ep- 17.mp4,h264,High,1024x576,1024,576,0.73,23.976,23.976,yuv420p,False,OK,0,0,OK,NONE,No major warning was found by the current checks.
TV,/Volumes/Bag O Holdn/Videos (Project Nonsense)/TV/Batman Brave n Bold/Batman The Brave and Bold ep- 18.mp4,h264,High,1024x576,1024,576,0.74,23.976,23.976,yuv420p,False,OK,0,0,OK,NONE,No major warning was found by the current checks.
TV,/Volumes/Bag O Holdn/Videos (Project Nonsense)/TV/Batman Brave n Bold/Batman The Brave and Bold ep- 19.mp4,h264,High,1024x576,1024,576,0.63,23.976,23.976,yuv420p,False,OK,0,0,OK,NONE,No major warning was found by the current checks.
TV,/Volumes/Bag O Holdn/Videos (Project Nonsense)/TV/Batman Brave n Bold/Batman The Brave and Bold ep- 20.mp4,h264,High,1024x576,1024,576,0.77,23.976,23.976,yuv420p,False,OK,0,0,OK,NONE,No major warning was found by the current checks.
TV,/Volumes/Bag O Holdn/Videos (Project Nonsense)/TV/Batman Brave n Bold/Batman The Brave and Bold ep- 21.mp4,h264,High,1024x576,1024,576,0.58,23.976,23.976,yuv420p,False,OK,0,0,OK,NONE,No major warning was found by the current checks.
TV,/Volumes/Bag O Holdn/Videos (Project Nonsense)/TV/Batman Brave n Bold/Batman The Brave and Bold ep- 22.mp4,h264,High,1024x576,1024,576,0.78,23.976,23.976,yuv420p,False,OK,0,0,OK,NONE,No major warning was found by the current checks.
TV,/Volumes/Bag O Holdn/Videos (Project Nonsense)/TV/Batman Brave n Bold/Batman The Brave and Bold ep- 23.mp4,h264,High,1024x576,1024,576,0.66,23.976,23.976,yuv420p,False,OK,0,0,OK,NONE,No major warning was found by the current checks.
TV,/Volumes/Bag O Holdn/Videos (Project Nonsense)/TV/Batman Brave n Bold/Batman The Brave and Bold ep- 24.mp4,h264,High,1024x576,1024,576,0.74,23.976,23.976,yuv420p,False,OK,0,0,OK,NONE,No major warning was found by the current checks.
TV,/Volumes/Bag O Holdn/Videos (Project Nonsense)/TV/Batman Brave n Bold/Batman The Brave and Bold ep- 25.mp4,h264,High,1024x576,1024,576,0.78,23.976,23.976,yuv420p,False,OK,0,0,OK,NONE,No major warning was found by the current checks.
TV,/Volumes/Bag O Holdn/Videos (Project Nonsense)/TV/Batman Brave n Bold/Batman The Brave and Bold ep- 26.mp4,h264,High,1024x576,1024,576,0.93,23.976,23.976,yuv420p,False,OK,0,0,OK,NONE,No major warning was found by the current checks.
TV,/Volumes/Bag O Holdn/Videos (Project Nonsense)/TV/Batman Brave n Bold/Batman The Brave and Bold S2 ep- 1.mp4,h264,High,1024x576,1024,576,0.64,23.976,23.976,yuv420p,False,OK,0,0,OK,NONE,No major warning was found by the current checks.
TV,/Volumes/Bag O Holdn/Videos (Project Nonsense)/TV/Batman Brave n Bold/Batman The Brave and Bold S2 ep- 2.mp4,h264,High,1024x576,1024,576,0.66,23.976,23.976,yuv420p,False,OK,0,0,OK,NONE,No major warning was found by the current checks.
TV,/Volumes/Bag O Holdn/Videos (Project Nonsense)/TV/Batman Brave n Bold/Batman The Brave and Bold S2 ep- 3.mp4,h264,High,1024x576,1024,576,0.95,23.976,23.976,yuv420p,False,OK,0,0,OK,NONE,No major warning was found by the current checks.
TV,/Volumes/Bag O Holdn/Videos (Project Nonsense)/TV/Batman Brave n Bold/Batman The Brave and Bold S2 ep- 4.mp4,h264,High,1024x576,1024,576,0.66,23.976,23.947,yuv420p,False,OK,0,0,OK,NONE,No major warning was found by the current checks.
TV,/Volumes/Bag O Holdn/Videos (Project Nonsense)/TV/Batman Brave n Bold/Batman The Brave and Bold S2 ep- 5.mp4,h264,High,1024x576,1024,576,0.7,23.976,23.976,yuv420p,False,OK,0,0,OK,NONE,No major warning was found by the current checks.
TV,/Volumes/Bag O Holdn/Videos (Project Nonsense)/TV/Batman Brave n Bold/Batman The Brave and Bold S2 ep- 6.mp4,h264,High,1024x576,1024,576,0.63,23.976,23.976,yuv420p,False,OK,0,0,OK,NONE,No major warning was found by the current checks.
TV,/Volumes/Bag O Holdn/Videos (Project Nonsense)/TV/Batman Brave n Bold/Batman The Brave and Bold S2 ep- 7.mp4,h264,High,1024x576,1024,576,0.77,23.976,23.976,yuv420p,False,OK,0,0,OK,NONE,No major warning was found by the current checks.
TV,/Volumes/Bag O Holdn/Videos (Project Nonsense)/TV/Batman Brave n Bold/Batman The Brave and Bold S2 ep- 8.mp4,h264,High,1024x576,1024,576,0.63,23.976,23.976,yuv420p,False,OK,0,0,OK,NONE,No major warning was found by the current checks.
TV,/Volumes/Bag O Holdn/Videos (Project Nonsense)/TV/Batman Brave n Bold/Batman The Brave and Bold S2 ep- 9.mp4,h264,High,1024x576,1024,576,0.83,23.976,23.976,yuv420p,False,OK,0,0,OK,NONE,No major warning was found by the current checks.
TV,/Volumes/Bag O Holdn/Videos (Project Nonsense)/TV/Batman Brave n Bold/Batman The Brave and Bold S2 ep- 10.mp4,h264,High,1024x576,1024,576,0.56,23.976,23.976,yuv420p,False,OK,0,0,OK,NONE,No major warning was found by the current checks.
TV,/Volumes/Bag O Holdn/Videos (Project Nonsense)/TV/Batman Brave n Bold/Batman The Brave and Bold S2 ep- 11.mp4,h264,High,1024x576,1024,576,0.43,23.976,23.976,yuv420p,False,OK,0,0,OK,NONE,No major warning was found by the current checks.
TV,/Volumes/Bag O Holdn/Videos (Project Nonsense)/TV/Batman Brave n Bold/Batman The Brave and Bold S2 ep- 12.mp4,h264,High,1024x576,1024,576,0.61,23.976,23.976,yuv420p,False,OK,0,0,OK,NONE,No major warning was found by the current checks.
TV,/Volumes/Bag O Holdn/Videos (Project Nonsense)/TV/Batman Brave n Bold/Batman The Brave and Bold S2 ep- 13.mp4,h264,High,1024x576,1024,576,0.74,23.976,23.976,yuv420p,False,OK,0,0,OK,NONE,No major warning was found by the current checks.
TV,/Volumes/Bag O Holdn/Videos (Project Nonsense)/TV/Batman Brave n Bold/Batman The Brave and Bold S2 ep- 14.mp4,h264,High,1024x576,1024,576,0.85,23.976,23.976,yuv420p,False,OK,0,0,OK,NONE,No major warning was found by the current checks.
TV,/Volumes/Bag O Holdn/Videos (Project Nonsense)/TV/Batman Brave n Bold/Batman The Brave and Bold S2 ep- 15.mp4,h264,High,1024x576,1024,576,0.76,23.976,23.976,yuv420p,False,OK,0,0,OK,NONE,No major warning was found by the current checks.
TV,/Volumes/Bag O Holdn/Videos (Project Nonsense)/TV/Batman Brave n Bold/Batman The Brave and Bold S2 ep- 16.mp4,h264,High,1024x576,1024,576,0.72,23.976,23.976,yuv420p,False,OK,0,0,OK,NONE,No major warning was found by the current checks.
TV,/Volumes/Bag O Holdn/Videos (Project Nonsense)/TV/Batman Brave n Bold/Batman The Brave and Bold S2 ep- 17.mp4,h264,High,1024x576,1024,576,0.55,23.976,23.976,yuv420p,False,OK,0,0,OK,NONE,No major warning was found by the current checks.
TV,/Volumes/Bag O Holdn/Videos (Project Nonsense)/TV/Batman Brave n Bold/Batman The Brave and Bold S2 ep- 18.mp4,h264,High,1024x576,1024,576,0.65,23.976,23.976,yuv420p,False,OK,0,0,OK,NONE,No major warning was found by the current checks.
TV,/Volumes/Bag O Holdn/Videos (Project Nonsense)/TV/Batman Brave n Bold/Batman The Brave and Bold S2 ep- 19.mp4,h264,High,1024x576,1024,576,0.67,23.976,23.976,yuv420p,False,OK,0,0,OK,NONE,No major warning was found by the current checks.
TV,/Volumes/Bag O Holdn/Videos (Project Nonsense)/TV/Batman Brave n Bold/Batman The Brave and Bold S2 ep- 20.mp4,h264,High,1024x576,1024,576,0.52,23.976,23.976,yuv420p,False,OK,0,0,OK,NONE,No major warning was found by the current checks.
TV,/Volumes/Bag O Holdn/Videos (Project Nonsense)/TV/Batman Brave n Bold/Batman The Brave and Bold S2 ep- 21.mp4,h264,High,1024x576,1024,576,0.58,23.976,23.976,yuv420p,False,OK,0,0,OK,NONE,No major warning was found by the current checks.
TV,/Volumes/Bag O Holdn/Videos (Project Nonsense)/TV/Batman Brave n Bold/Batman The Brave and Bold S2 ep- 22.mp4,h264,High,1024x576,1024,576,0.67,23.976,23.976,yuv420p,False,OK,0,0,OK,NONE,No major warning was found by the current checks.
TV,/Volumes/Bag O Holdn/Videos (Project Nonsense)/TV/Batman Brave n Bold/Batman The Brave and Bold S2 ep- 23.mp4,h264,High,1024x576,1024,576,0.56,23.976,23.976,yuv420p,False,OK,0,0,OK,NONE,No major warning was found by the current checks.
TV,/Volumes/Bag O Holdn/Videos (Project Nonsense)/TV/Batman Brave n Bold/Batman The Brave and Bold S2 ep- 24.mp4,h264,High,1024x576,1024,576,0.76,23.976,23.976,yuv420p,False,OK,0,0,OK,NONE,No major warning was found by the current checks.
TV,/Volumes/Bag O Holdn/Videos (Project Nonsense)/TV/Batman Brave n Bold/Batman The Brave and Bold S2 ep- 25.mp4,h264,High,1024x576,1024,576,0.86,23.976,23.976,yuv420p,False,OK,0,0,OK,NONE,No major warning was found by the current checks.
TV,/Volumes/Bag O Holdn/Videos (Project Nonsense)/TV/Batman Brave n Bold/Batman The Brave and Bold S2 ep- 26.mp4,h264,High,1024x576,1024,576,0.54,23.976,23.976,yuv420p,False,OK,0,0,OK,NONE,No major warning was found by the current checks.
TV,/Volumes/Bag O Holdn/Videos (Project Nonsense)/TV/Batman Brave n Bold/Batman The Brave and Bold S3 ep- 1.mp4,h264,High,1024x576,1024,576,0.62,23.976,23.976,yuv420p,False,OK,0,0,OK,NONE,No major warning was found by the current checks.
TV,/Volumes/Bag O Holdn/Videos (Project Nonsense)/TV/Batman Brave n Bold/Batman The Brave and Bold S3 ep- 2.mp4,h264,High,1024x576,1024,576,0.62,23.976,23.976,yuv420p,False,OK,0,0,OK,NONE,No major warning was found by the current checks.
TV,/Volumes/Bag O Holdn/Videos (Project Nonsense)/TV/Batman Brave n Bold/Batman The Brave and Bold S3 ep- 3.mp4,h264,High,1024x576,1024,576,0.56,23.976,23.976,yuv420p,False,OK,0,0,OK,NONE,No major warning was found by the current checks.
TV,/Volumes/Bag O Holdn/Videos (Project Nonsense)/TV/Batman Brave n Bold/Batman The Brave and Bold S3 ep- 4.mp4,h264,High,1024x576,1024,576,0.73,23.976,23.976,yuv420p,False,OK,0,0,OK,NONE,No major warning was found by the current checks.
TV,/Volumes/Bag O Holdn/Videos (Project Nonsense)/TV/Batman Brave n Bold/Batman The Brave and Bold S3 ep- 5.mp4,h264,High,1024x576,1024,576,0.64,23.976,23.976,yuv420p,False,OK,0,0,OK,NONE,No major warning was found by the current checks.
TV,/Volumes/Bag O Holdn/Videos (Project Nonsense)/TV/Batman Brave n Bold/Batman The Brave and Bold S3 ep- 6.mp4,h264,High,1024x576,1024,576,0.77,23.976,23.976,yuv420p,False,OK,0,0,OK,NONE,No major warning was found by the current checks.
TV,/Volumes/Bag O Holdn/Videos (Project Nonsense)/TV/Batman Brave n Bold/Batman The Brave and Bold S3 ep- 7.mp4,h264,High,1024x576,1024,576,0.56,23.976,23.976,yuv420p,False,OK,0,0,OK,NONE,No major warning was found by the current checks.
TV,/Volumes/Bag O Holdn/Videos (Project Nonsense)/TV/Batman Brave n Bold/Batman The Brave and Bold S3 ep- 8.mp4,h264,High,1024x576,1024,576,0.61,23.976,23.976,yuv420p,False,OK,0,0,OK,NONE,No major warning was found by the current checks.
TV,/Volumes/Bag O Holdn/Videos (Project Nonsense)/TV/Batman Brave n Bold/Batman The Brave and Bold S3 ep- 9.mp4,h264,High,1024x576,1024,576,0.69,23.976,23.976,yuv420p,False,OK,0,0,OK,NONE,No major warning was found by the current checks.
TV,/Volumes/Bag O Holdn/Videos (Project Nonsense)/TV/Batman Brave n Bold/Batman The Brave and Bold S3 ep- 10.mp4,h264,High,1024x576,1024,576,0.7,23.976,23.976,yuv420p,False,OK,0,0,OK,NONE,No major warning was found by the current checks.
TV,/Volumes/Bag O Holdn/Videos (Project Nonsense)/TV/Batman Brave n Bold/Batman The Brave and Bold S3 ep- 11.mp4,h264,High,1024x576,1024,576,0.6,23.976,23.976,yuv420p,False,OK,0,0,OK,NONE,No major warning was found by the current checks.
TV,/Volumes/Bag O Holdn/Videos (Project Nonsense)/TV/Batman Brave n Bold/Batman The Brave and Bold S3 ep- 12.mp4,h264,High,1024x576,1024,576,0.65,23.976,23.976,yuv420p,False,OK,0,0,OK,NONE,No major warning was found by the current checks.
TV,/Volumes/Bag O Holdn/Videos (Project Nonsense)/TV/Batman Brave n Bold/Batman The Brave and Bold S3 ep- 13.mp4,h264,High,1024x576,1024,576,0.75,23.976,23.976,yuv420p,False,OK,0,0,OK,NONE,No major warning was found by the current checks.
TV,/Volumes/Bag O Holdn/Videos (Project Nonsense)/TV/Bluey/Bluey Seaseon 1 Episode 1.mp4,h264,High,852x480,852,480,0.32,25.0,25.0,yuv420p,False,OK,0,0,OK,NONE,No major warning was found by the current checks.
TV,/Volumes/Bag O Holdn/Videos (Project Nonsense)/TV/Bluey/Bluey Seaseon 1 Episode 2.mp4,h264,High,852x480,852,480,0.3,25.0,25.0,yuv420p,False,OK,0,0,OK,NONE,No major warning was found by the current checks.
TV,/Volumes/Bag O Holdn/Videos (Project Nonsense)/TV/Bluey/Bluey Seaseon 1 Episode 3.mp4,h264,High,852x480,852,480,0.38,25.0,25.0,yuv420p,False,OK,0,0,OK,NONE,No major warning was found by the current checks.
TV,/Volumes/Bag O Holdn/Videos (Project Nonsense)/TV/Bluey/Bluey Seaseon 1 Episode 4.mp4,h264,High,852x480,852,480,0.32,25.0,25.0,yuv420p,False,OK,0,0,OK,NONE,No major warning was found by the current checks.
TV,/Volumes/Bag O Holdn/Videos (Project Nonsense)/TV/Bluey/Bluey Seaseon 1 Episode 5.mp4,h264,High,852x480,852,480,0.23,25.0,25.0,yuv420p,False,OK,0,0,OK,NONE,No major warning was found by the current checks.
TV,/Volumes/Bag O Holdn/Videos (Project Nonsense)/TV/Bluey/Bluey Seaseon 1 Episode 6.mp4,h264,High,852x480,852,480,0.27,25.0,25.0,yuv420p,False,OK,0,0,OK,NONE,No major warning was found by the current checks.
TV,/Volumes/Bag O Holdn/Videos (Project Nonsense)/TV/Bluey/Bluey Seaseon 1 Episode 7.mp4,h264,High,852x480,852,480,0.33,25.0,25.0,yuv420p,False,OK,0,0,OK,NONE,No major warning was found by the current checks.
TV,/Volumes/Bag O Holdn/Videos (Project Nonsense)/TV/Bluey/Bluey Seaseon 1 Episode 8.mp4,h264,High,852x480,852,480,0.27,25.0,25.0,yuv420p,False,OK,0,0,OK,NONE,No major warning was found by the current checks.
TV,/Volumes/Bag O Holdn/Videos (Project Nonsense)/TV/Bluey/Bluey Seaseon 1 Episode 9.mp4,h264,High,852x480,852,480,0.38,25.0,25.0,yuv420p,False,OK,0,0,OK,NONE,No major warning was found by the current checks.
TV,/Volumes/Bag O Holdn/Videos (Project Nonsense)/TV/Bluey/Bluey Seaseon 1 Episode 10.mp4,h264,High,852x480,852,480,0.25,25.0,25.0,yuv420p,False,OK,0,0,OK,NONE,No major warning was found by the current checks.
TV,/Volumes/Bag O Holdn/Videos (Project Nonsense)/TV/Bluey/Bluey Seaseon 1 Episode 11.mp4,h264,High,852x480,852,480,0.22,25.0,25.0,yuv420p,False,OK,0,0,OK,NONE,No major warning was found by the current checks.
TV,/Volumes/Bag O Holdn/Videos (Project Nonsense)/TV/Bluey/Bluey Seaseon 1 Episode 12.mp4,h264,High,852x480,852,480,0.31,25.0,25.0,yuv420p,False,OK,0,0,OK,NONE,No major warning was found by the current checks.
TV,/Volumes/Bag O Holdn/Videos (Project Nonsense)/TV/Bluey/Bluey Seaseon 1 Episode 32.mp4,h264,High,852x480,852,480,0.31,25.0,25.0,yuv420p,False,OK,0,0,OK,NONE,No major warning was found by the current checks.
TV,/Volumes/Bag O Holdn/Videos (Project Nonsense)/TV/Bluey/Bluey Seaseon 1 Episode 13.mp4,h264,High,852x480,852,480,0.28,25.0,25.0,yuv420p,False,OK,0,0,OK,NONE,No major warning was found by the current checks.
TV,/Volumes/Bag O Holdn/Videos (Project Nonsense)/TV/Bluey/Bluey Seaseon 1 Episode 14.mp4,h264,High,852x480,852,480,0.26,25.0,25.0,yuv420p,False,OK,0,0,OK,NONE,No major warning was found by the current checks.
TV,/Volumes/Bag O Holdn/Videos (Project Nonsense)/TV/Bluey/Bluey Seaseon 1 Episode 15.mp4,h264,High,852x480,852,480,0.24,25.0,25.0,yuv420p,False,OK,0,0,OK,NONE,No major warning was found by the current checks.
TV,/Volumes/Bag O Holdn/Videos (Project Nonsense)/TV/Bluey/Bluey Seaseon 1 Episode 16.mp4,h264,High,852x480,852,480,0.27,25.0,25.0,yuv420p,False,OK,0,0,OK,NONE,No major warning was found by the current checks.
TV,/Volumes/Bag O Holdn/Videos (Project Nonsense)/TV/Bluey/Bluey Seaseon 1 Episode 17.mp4,h264,High,852x480,852,480,0.3,25.0,25.0,yuv420p,False,OK,0,0,OK,NONE,No major warning was found by the current checks.
TV,/Volumes/Bag O Holdn/Videos (Project Nonsense)/TV/Bluey/Bluey Seaseon 1 Episode 18.mp4,h264,High,852x480,852,480,0.27,25.0,25.0,yuv420p,False,OK,0,0,OK,NONE,No major warning was found by the current checks.
TV,/Volumes/Bag O Holdn/Videos (Project Nonsense)/TV/Bluey/Bluey Seaseon 1 Episode 19.mp4,h264,High,852x480,852,480,0.29,25.0,25.0,yuv420p,False,OK,0,0,OK,NONE,No major warning was found by the current checks.
TV,/Volumes/Bag O Holdn/Videos (Project Nonsense)/TV/Bluey/Bluey Seaseon 1 Episode 20.mp4,h264,High,852x480,852,480,0.38,25.0,25.0,yuv420p,False,OK,0,0,OK,NONE,No major warning was found by the current checks.
TV,/Volumes/Bag O Holdn/Videos (Project Nonsense)/TV/Bluey/Bluey Seaseon 1 Episode 21.mp4,h264,High,852x480,852,480,0.26,25.0,25.0,yuv420p,False,OK,0,0,OK,NONE,No major warning was found by the current checks.
TV,/Volumes/Bag O Holdn/Videos (Project Nonsense)/TV/Bluey/Bluey Seaseon 1 Episode 22.mp4,h264,High,852x480,852,480,0.36,25.0,25.0,yuv420p,False,OK,0,0,OK,NONE,No major warning was found by the current checks.
TV,/Volumes/Bag O Holdn/Videos (Project Nonsense)/TV/Bluey/Bluey Seaseon 1 Episode 23.mp4,h264,High,852x480,852,480,0.31,25.0,25.0,yuv420p,False,OK,0,0,OK,NONE,No major warning was found by the current checks.
TV,/Volumes/Bag O Holdn/Videos (Project Nonsense)/TV/Bluey/Bluey Seaseon 1 Episode 24.mp4,h264,High,852x480,852,480,0.3,25.0,25.0,yuv420p,False,OK,0,0,OK,NONE,No major warning was found by the current checks.
TV,/Volumes/Bag O Holdn/Videos (Project Nonsense)/TV/Bluey/Bluey Seaseon 1 Episode 25.mp4,h264,High,852x480,852,480,0.32,25.0,25.0,yuv420p,False,OK,0,0,OK,NONE,No major warning was found by the current checks.
TV,/Volumes/Bag O Holdn/Videos (Project Nonsense)/TV/Bluey/Bluey Seaseon 1 Episode 26.mp4,h264,High,852x480,852,480,0.25,25.0,25.0,yuv420p,False,OK,0,0,OK,NONE,No major warning was found by the current checks.
TV,/Volumes/Bag O Holdn/Videos (Project Nonsense)/TV/Bluey/Bluey Seaseon 1 Episode 27.mp4,h264,High,852x480,852,480,0.41,25.0,25.0,yuv420p,False,OK,0,0,OK,NONE,No major warning was found by the current checks.
TV,/Volumes/Bag O Holdn/Videos (Project Nonsense)/TV/Bluey/Bluey Seaseon 1 Episode 28.mp4,h264,High,852x480,852,480,0.31,25.0,25.0,yuv420p,False,OK,0,0,OK,NONE,No major warning was found by the current checks.
TV,/Volumes/Bag O Holdn/Videos (Project Nonsense)/TV/Bluey/Bluey Seaseon 1 Episode 29.mp4,h264,High,852x480,852,480,0.4,25.0,25.0,yuv420p,False,OK,0,0,OK,NONE,No major warning was found by the current checks.
TV,/Volumes/Bag O Holdn/Videos (Project Nonsense)/TV/Bluey/Bluey Seaseon 1 Episode 30.mp4,h264,High,852x480,852,480,0.38,25.0,25.0,yuv420p,False,OK,0,0,OK,NONE,No major warning was found by the current checks.
TV,/Volumes/Bag O Holdn/Videos (Project Nonsense)/TV/Bluey/Bluey Seaseon 1 Episode 37.mp4,h264,High,852x480,852,480,0.34,25.0,25.0,yuv420p,False,OK,0,0,OK,NONE,No major warning was found by the current checks.
TV,/Volumes/Bag O Holdn/Videos (Project Nonsense)/TV/Bluey/Bluey Seaseon 1 Episode 31.mp4,h264,High,852x480,852,480,0.34,25.0,25.0,yuv420p,False,OK,0,0,OK,NONE,No major warning was found by the current checks.
TV,/Volumes/Bag O Holdn/Videos (Project Nonsense)/TV/Bluey/Bluey Seaseon 1 Episode 33.mp4,h264,High,852x480,852,480,0.36,25.0,25.0,yuv420p,False,OK,0,0,OK,NONE,No major warning was found by the current checks.
TV,/Volumes/Bag O Holdn/Videos (Project Nonsense)/TV/Bluey/Bluey Seaseon 1 Episode 34.mp4,h264,High,852x480,852,480,0.32,25.0,25.0,yuv420p,False,OK,0,0,OK,NONE,No major warning was found by the current checks.
TV,/Volumes/Bag O Holdn/Videos (Project Nonsense)/TV/Bluey/Bluey Seaseon 1 Episode 47.mp4,h264,High,852x480,852,480,0.27,25.0,25.0,yuv420p,False,OK,0,0,OK,NONE,No major warning was found by the current checks.
TV,/Volumes/Bag O Holdn/Videos (Project Nonsense)/TV/Bluey/Bluey Seaseon 1 Episode 36.mp4,h264,High,852x480,852,480,0.4,25.0,25.0,yuv420p,False,OK,0,0,OK,NONE,No major warning was found by the current checks.
TV,/Volumes/Bag O Holdn/Videos (Project Nonsense)/TV/Bluey/Bluey Seaseon 1 Episode 35.mp4,h264,High,852x480,852,480,0.34,25.0,25.0,yuv420p,False,OK,0,0,OK,NONE,No major warning was found by the current checks.
TV,/Volumes/Bag O Holdn/Videos (Project Nonsense)/TV/Bluey/Bluey Seaseon 1 Episode 42.mp4,h264,High,852x480,852,480,0.36,29.97,29.97,yuv420p,False,OK,0,0,OK,NONE,No major warning was found by the current checks.
TV,/Volumes/Bag O Holdn/Videos (Project Nonsense)/TV/Bluey/Bluey Seaseon 1 Episode 39.mp4,h264,High,852x480,852,480,0.32,25.0,25.0,yuv420p,False,OK,0,0,OK,NONE,No major warning was found by the current checks.
TV,/Volumes/Bag O Holdn/Videos (Project Nonsense)/TV/Bluey/Bluey Seaseon 1 Episode 40.mp4,h264,High,852x480,852,480,0.33,25.0,25.0,yuv420p,False,OK,0,0,OK,NONE,No major warning was found by the current checks.
TV,/Volumes/Bag O Holdn/Videos (Project Nonsense)/TV/Bluey/Bluey Seaseon 1 Episode 38.mp4,h264,High,852x480,852,480,0.29,25.0,25.0,yuv420p,False,OK,0,0,OK,NONE,No major warning was found by the current checks.
TV,/Volumes/Bag O Holdn/Videos (Project Nonsense)/TV/Bluey/Bluey Seaseon 1 Episode 44.mp4,h264,High,852x480,852,480,0.3,25.0,25.0,yuv420p,False,OK,0,0,OK,NONE,No major warning was found by the current checks.
TV,/Volumes/Bag O Holdn/Videos (Project Nonsense)/TV/Bluey/Bluey Seaseon 1 Episode 41.mp4,h264,High,852x480,852,480,0.3,25.0,25.0,yuv420p,False,OK,0,0,OK,NONE,No major warning was found by the current checks.
TV,/Volumes/Bag O Holdn/Videos (Project Nonsense)/TV/Bluey/Bluey Seaseon 1 Episode 43.mp4,h264,High,852x480,852,480,0.25,25.0,25.0,yuv420p,False,OK,0,0,OK,NONE,No major warning was found by the current checks.
TV,/Volumes/Bag O Holdn/Videos (Project Nonsense)/TV/Bluey/Bluey Seaseon 1 Episode 45.mp4,h264,High,852x480,852,480,0.37,25.0,25.0,yuv420p,False,OK,0,0,OK,NONE,No major warning was found by the current checks.
TV,/Volumes/Bag O Holdn/Videos (Project Nonsense)/TV/Bluey/Bluey Seaseon 1 Episode 46.mp4,h264,High,852x480,852,480,0.25,25.0,25.0,yuv420p,False,OK,0,0,OK,NONE,No major warning was found by the current checks.
TV,/Volumes/Bag O Holdn/Videos (Project Nonsense)/TV/Bluey/Bluey Seaseon 2 Episode 1.mp4,h264,High,852x480,852,480,0.39,25.0,25.0,yuv420p,False,OK,0,0,OK,NONE,No major warning was found by the current checks.
TV,/Volumes/Bag O Holdn/Videos (Project Nonsense)/TV/Bluey/Bluey Seaseon 1 Episode 48.mp4,h264,High,852x480,852,480,0.19,25.0,25.0,yuv420p,False,OK,0,0,OK,NONE,No major warning was found by the current checks.
TV,/Volumes/Bag O Holdn/Videos (Project Nonsense)/TV/Bluey/Bluey Seaseon 1 Episode 49.mp4,h264,High,852x480,852,480,0.26,25.0,25.0,yuv420p,False,OK,0,0,OK,NONE,No major warning was found by the current checks.
TV,/Volumes/Bag O Holdn/Videos (Project Nonsense)/TV/Bluey/Bluey Seaseon 1 Episode 50.mp4,h264,High,852x480,852,480,0.28,25.0,25.0,yuv420p,False,OK,0,0,OK,NONE,No major warning was found by the current checks.
TV,/Volumes/Bag O Holdn/Videos (Project Nonsense)/TV/Bluey/Bluey Seaseon 1 Episode 51.mp4,h264,High,852x480,852,480,0.25,25.0,25.0,yuv420p,False,OK,0,0,OK,NONE,No major warning was found by the current checks.
TV,/Volumes/Bag O Holdn/Videos (Project Nonsense)/TV/Bluey/Bluey Seaseon 2 Episode 4.mp4,h264,High,852x480,852,480,0.35,25.0,25.0,yuv420p,False,OK,0,0,OK,NONE,No major warning was found by the current checks.
TV,/Volumes/Bag O Holdn/Videos (Project Nonsense)/TV/Bluey/Bluey Seaseon 1 Episode 52.mp4,h264,High,852x480,852,480,0.3,25.0,25.0,yuv420p,False,OK,0,0,OK,NONE,No major warning was found by the current checks.
TV,/Volumes/Bag O Holdn/Videos (Project Nonsense)/TV/Bluey/Bluey Seaseon 2 Episode 2.mp4,h264,High,852x480,852,480,0.33,25.0,25.0,yuv420p,False,OK,0,0,OK,NONE,No major warning was found by the current checks.
TV,/Volumes/Bag O Holdn/Videos (Project Nonsense)/TV/Bluey/Bluey Seaseon 2 Episode 10.mp4,h264,High,852x480,852,480,0.31,25.0,25.0,yuv420p,False,OK,0,0,OK,NONE,No major warning was found by the current checks.
TV,/Volumes/Bag O Holdn/Videos (Project Nonsense)/TV/Bluey/Bluey Seaseon 2 Episode 3.mp4,h264,High,852x480,852,480,0.32,25.0,25.0,yuv420p,False,OK,0,0,OK,NONE,No major warning was found by the current checks.
TV,/Volumes/Bag O Holdn/Videos (Project Nonsense)/TV/Bluey/Bluey Seaseon 2 Episode 9.mp4,h264,High,852x480,852,480,0.23,25.0,25.0,yuv420p,False,OK,0,0,OK,NONE,No major warning was found by the current checks.
TV,/Volumes/Bag O Holdn/Videos (Project Nonsense)/TV/Bluey/Bluey Seaseon 2 Episode 5.mp4,h264,High,852x480,852,480,0.27,25.0,25.0,yuv420p,False,OK,0,0,OK,NONE,No major warning was found by the current checks.
TV,/Volumes/Bag O Holdn/Videos (Project Nonsense)/TV/Bluey/Bluey Seaseon 2 Episode 11.mp4,h264,High,852x480,852,480,0.3,25.0,25.0,yuv420p,False,OK,0,0,OK,NONE,No major warning was found by the current checks.
TV,/Volumes/Bag O Holdn/Videos (Project Nonsense)/TV/Bluey/Bluey Seaseon 2 Episode 7.mp4,h264,High,852x480,852,480,0.3,25.0,25.0,yuv420p,False,OK,0,0,OK,NONE,No major warning was found by the current checks.
TV,/Volumes/Bag O Holdn/Videos (Project Nonsense)/TV/Bluey/Bluey Seaseon 2 Episode 8.mp4,h264,High,852x480,852,480,0.33,25.0,25.0,yuv420p,False,OK,0,0,OK,NONE,No major warning was found by the current checks.
TV,/Volumes/Bag O Holdn/Videos (Project Nonsense)/TV/Bluey/Bluey Seaseon 2 Episode 12.mp4,h264,High,852x480,852,480,0.32,25.0,25.0,yuv420p,False,OK,0,0,OK,NONE,No major warning was found by the current checks.
TV,/Volumes/Bag O Holdn/Videos (Project Nonsense)/TV/Bluey/Bluey Seaseon 2 Episode 19.mp4,h264,High,852x480,852,480,0.28,25.0,25.0,yuv420p,False,OK,0,0,OK,NONE,No major warning was found by the current checks.
TV,/Volumes/Bag O Holdn/Videos (Project Nonsense)/TV/Bluey/Bluey Seaseon 2 Episode 6.mp4,h264,High,852x480,852,480,0.3,25.0,25.0,yuv420p,False,OK,0,0,OK,NONE,No major warning was found by the current checks.
TV,/Volumes/Bag O Holdn/Videos (Project Nonsense)/TV/Bluey/Bluey Seaseon 2 Episode 13.mp4,h264,High,852x480,852,480,0.31,25.0,25.0,yuv420p,False,OK,0,0,OK,NONE,No major warning was found by the current checks.
TV,/Volumes/Bag O Holdn/Videos (Project Nonsense)/TV/Bluey/Bluey Seaseon 2 Episode 31.mp4,h264,High,852x480,852,480,0.33,25.0,25.0,yuv420p,False,OK,0,0,OK,NONE,No major warning was found by the current checks.
TV,/Volumes/Bag O Holdn/Videos (Project Nonsense)/TV/Bluey/Bluey Seaseon 2 Episode 14.mp4,h264,High,852x480,852,480,0.27,25.0,25.0,yuv420p,False,OK,0,0,OK,NONE,No major warning was found by the current checks.
TV,/Volumes/Bag O Holdn/Videos (Project Nonsense)/TV/Bluey/Bluey Seaseon 2 Episode 16.mp4,h264,High,852x480,852,480,0.29,25.0,25.0,yuv420p,False,OK,0,0,OK,NONE,No major warning was found by the current checks.
TV,/Volumes/Bag O Holdn/Videos (Project Nonsense)/TV/Bluey/Bluey Seaseon 2 Episode 17.mp4,h264,High,852x480,852,480,0.25,25.0,25.0,yuv420p,False,OK,0,0,OK,NONE,No major warning was found by the current checks.
TV,/Volumes/Bag O Holdn/Videos (Project Nonsense)/TV/Bluey/Bluey Seaseon 2 Episode 18.mp4,h264,High,852x480,852,480,0.4,25.0,25.0,yuv420p,False,OK,0,0,OK,NONE,No major warning was found by the current checks.
TV,/Volumes/Bag O Holdn/Videos (Project Nonsense)/TV/Bluey/Bluey Seaseon 2 Episode 15.mp4,h264,High,852x480,852,480,0.29,25.0,25.0,yuv420p,False,OK,0,0,OK,NONE,No major warning was found by the current checks.
TV,/Volumes/Bag O Holdn/Videos (Project Nonsense)/TV/Bluey/Bluey Seaseon 2 Episode 20.mp4,h264,High,852x480,852,480,0.32,25.0,25.0,yuv420p,False,OK,0,0,OK,NONE,No major warning was found by the current checks.
TV,/Volumes/Bag O Holdn/Videos (Project Nonsense)/TV/Bluey/Bluey Seaseon 2 Episode 21.mp4,h264,High,852x480,852,480,0.41,25.0,25.0,yuv420p,False,OK,0,0,OK,NONE,No major warning was found by the current checks.
TV,/Volumes/Bag O Holdn/Videos (Project Nonsense)/TV/Bluey/Bluey Seaseon 2 Episode 22.mp4,h264,High,852x480,852,480,0.32,25.0,25.0,yuv420p,False,OK,0,0,OK,NONE,No major warning was found by the current checks.
TV,/Volumes/Bag O Holdn/Videos (Project Nonsense)/TV/Bluey/Bluey Seaseon 2 Episode 23.mp4,h264,High,852x480,852,480,0.29,25.0,25.0,yuv420p,False,OK,0,0,OK,NONE,No major warning was found by the current checks.
TV,/Volumes/Bag O Holdn/Videos (Project Nonsense)/TV/Bluey/Bluey Seaseon 2 Episode 24.mp4,h264,High,852x480,852,480,0.28,25.0,25.0,yuv420p,False,OK,0,0,OK,NONE,No major warning was found by the current checks.
TV,/Volumes/Bag O Holdn/Videos (Project Nonsense)/TV/Bluey/Bluey Seaseon 2 Episode 25.mp4,h264,High,852x480,852,480,0.29,25.0,25.0,yuv420p,False,OK,0,0,OK,NONE,No major warning was found by the current checks.
TV,/Volumes/Bag O Holdn/Videos (Project Nonsense)/TV/Bluey/Bluey Seaseon 2 Episode 27 Fav.mp4,h264,High,852x480,852,480,0.24,25.0,25.0,yuv420p,False,OK,0,0,OK,NONE,No major warning was found by the current checks.
TV,/Volumes/Bag O Holdn/Videos (Project Nonsense)/TV/Bluey/Bluey Seaseon 2 Episode 26 Fav.mp4,h264,High,852x480,852,480,0.31,25.0,25.0,yuv420p,False,OK,0,0,OK,NONE,No major warning was found by the current checks.
TV,/Volumes/Bag O Holdn/Videos (Project Nonsense)/TV/Bluey/Bluey Seaseon 2 Episode 28.mp4,h264,High,852x480,852,480,0.29,25.0,25.0,yuv420p,False,OK,0,0,OK,NONE,No major warning was found by the current checks.
TV,/Volumes/Bag O Holdn/Videos (Project Nonsense)/TV/Bluey/Bluey Seaseon 2 Episode 29.mp4,h264,High,852x480,852,480,0.28,25.0,25.0,yuv420p,False,OK,0,0,OK,NONE,No major warning was found by the current checks.
TV,/Volumes/Bag O Holdn/Videos (Project Nonsense)/TV/Bluey/Bluey Seaseon 2 Episode 41.mp4,h264,High,852x480,852,480,0.28,25.0,25.0,yuv420p,False,OK,0,0,OK,NONE,No major warning was found by the current checks.
TV,/Volumes/Bag O Holdn/Videos (Project Nonsense)/TV/Bluey/Bluey Seaseon 2 Episode 30.mp4,h264,High,852x480,852,480,0.29,25.0,25.0,yuv420p,False,OK,0,0,OK,NONE,No major warning was found by the current checks.
TV,/Volumes/Bag O Holdn/Videos (Project Nonsense)/TV/Bluey/Bluey Seaseon 2 Episode 34.mp4,h264,High,852x480,852,480,0.3,25.0,25.0,yuv420p,False,OK,0,0,OK,NONE,No major warning was found by the current checks.
TV,/Volumes/Bag O Holdn/Videos (Project Nonsense)/TV/Bluey/Bluey Seaseon 2 Episode 32.mp4,h264,High,852x480,852,480,0.31,25.0,25.0,yuv420p,False,OK,0,0,OK,NONE,No major warning was found by the current checks.
TV,/Volumes/Bag O Holdn/Videos (Project Nonsense)/TV/Bluey/Bluey Seaseon 2 Episode 33.mp4,h264,High,852x480,852,480,0.35,25.0,25.0,yuv420p,False,OK,0,0,OK,NONE,No major warning was found by the current checks.
TV,/Volumes/Bag O Holdn/Videos (Project Nonsense)/TV/Bluey/Bluey Seaseon 2 Episode 37.mp4,h264,High,852x480,852,480,0.35,25.0,25.0,yuv420p,False,OK,0,0,OK,NONE,No major warning was found by the current checks.
TV,/Volumes/Bag O Holdn/Videos (Project Nonsense)/TV/Bluey/Bluey Seaseon 2 Episode 35.mp4,h264,High,852x480,852,480,0.29,25.0,25.0,yuv420p,False,OK,0,0,OK,NONE,No major warning was found by the current checks.
TV,/Volumes/Bag O Holdn/Videos (Project Nonsense)/TV/Bluey/Bluey Seaseon 2 Episode 36.mp4,h264,High,852x480,852,480,0.28,25.0,25.0,yuv420p,False,OK,0,0,OK,NONE,No major warning was found by the current checks.
TV,/Volumes/Bag O Holdn/Videos (Project Nonsense)/TV/Bluey/Bluey Seaseon 2 Episode 38.mp4,h264,High,852x480,852,480,0.32,25.0,25.0,yuv420p,False,OK,0,0,OK,NONE,No major warning was found by the current checks.
TV,/Volumes/Bag O Holdn/Videos (Project Nonsense)/TV/Bluey/Bluey Seaseon 2 Episode 39.mp4,h264,High,852x480,852,480,0.27,25.0,25.0,yuv420p,False,OK,0,0,OK,NONE,No major warning was found by the current checks.
TV,/Volumes/Bag O Holdn/Videos (Project Nonsense)/TV/Bluey/Bluey Seaseon 2 Episode 43.mp4,h264,High,852x480,852,480,0.28,25.0,25.0,yuv420p,False,OK,0,0,OK,NONE,No major warning was found by the current checks.
TV,/Volumes/Bag O Holdn/Videos (Project Nonsense)/TV/Bluey/Bluey Seaseon 2 Episode 40.mp4,h264,High,852x480,852,480,0.29,25.0,25.0,yuv420p,False,OK,0,0,OK,NONE,No major warning was found by the current checks.
TV,/Volumes/Bag O Holdn/Videos (Project Nonsense)/TV/Bluey/Bluey Seaseon 2 Episode 52.mp4,h264,High,852x480,852,480,0.28,25.0,25.0,yuv420p,False,OK,0,0,OK,NONE,No major warning was found by the current checks.
TV,/Volumes/Bag O Holdn/Videos (Project Nonsense)/TV/Bluey/Bluey Seaseon 2 Episode 42.mp4,h264,High,852x480,852,480,0.23,25.0,25.0,yuv420p,False,OK,0,0,OK,NONE,No major warning was found by the current checks.
TV,/Volumes/Bag O Holdn/Videos (Project Nonsense)/TV/Bluey/Bluey Seaseon 2 Episode 46.mp4,h264,High,852x480,852,480,0.33,25.0,25.0,yuv420p,False,OK,0,0,OK,NONE,No major warning was found by the current checks.
TV,/Volumes/Bag O Holdn/Videos (Project Nonsense)/TV/Bluey/Bluey Seaseon 2 Episode 44.mp4,h264,High,852x480,852,480,0.28,25.0,25.0,yuv420p,False,OK,0,0,OK,NONE,No major warning was found by the current checks.
TV,/Volumes/Bag O Holdn/Videos (Project Nonsense)/TV/Bluey/Bluey Seaseon 2 Episode 45 Fav.mp4,h264,High,852x480,852,480,0.39,25.0,25.0,yuv420p,False,OK,0,0,OK,NONE,No major warning was found by the current checks.
TV,/Volumes/Bag O Holdn/Videos (Project Nonsense)/TV/Bluey/Bluey Seaseon 2 Episode 47.mp4,h264,High,852x480,852,480,0.32,25.0,25.0,yuv420p,False,OK,0,0,OK,NONE,No major warning was found by the current checks.
TV,/Volumes/Bag O Holdn/Videos (Project Nonsense)/TV/Bluey/Bluey Seaseon 2 Episode 48.mp4,h264,High,852x480,852,480,0.25,25.0,25.0,yuv420p,False,OK,0,0,OK,NONE,No major warning was found by the current checks.
TV,/Volumes/Bag O Holdn/Videos (Project Nonsense)/TV/Bluey/Bluey Seaseon 2 Episode 49.mp4,h264,High,852x480,852,480,0.24,25.0,25.0,yuv420p,False,OK,0,0,OK,NONE,No major warning was found by the current checks.
TV,/Volumes/Bag O Holdn/Videos (Project Nonsense)/TV/Bluey/Bluey Seaseon 3 Episode 20.mp4,h264,High,852x480,852,480,0.26,25.0,25.0,yuv420p,False,OK,0,0,OK,NONE,No major warning was found by the current checks.
TV,/Volumes/Bag O Holdn/Videos (Project Nonsense)/TV/Bluey/Bluey Seaseon 2 Episode 51.mp4,h264,High,852x480,852,480,0.36,25.0,25.0,yuv420p,False,OK,0,0,OK,NONE,No major warning was found by the current checks.
TV,/Volumes/Bag O Holdn/Videos (Project Nonsense)/TV/Bluey/Bluey Seaseon 2 Episode 50.mp4,h264,High,852x480,852,480,0.3,25.0,25.0,yuv420p,False,OK,0,0,OK,NONE,No major warning was found by the current checks.
TV,/Volumes/Bag O Holdn/Videos (Project Nonsense)/TV/Bluey/Bluey Seaseon 3 Episode 1.mp4,h264,High,852x480,852,480,0.22,25.0,25.0,yuv420p,False,OK,0,0,OK,NONE,No major warning was found by the current checks.
TV,/Volumes/Bag O Holdn/Videos (Project Nonsense)/TV/Bluey/Bluey Seaseon 3 Episode 2.mp4,h264,High,852x480,852,480,0.21,25.0,25.0,yuv420p,False,OK,0,0,OK,NONE,No major warning was found by the current checks.
TV,/Volumes/Bag O Holdn/Videos (Project Nonsense)/TV/Bluey/Bluey Seaseon 3 Episode 3.mp4,h264,High,852x480,852,480,0.33,25.0,25.0,yuv420p,False,OK,0,0,OK,NONE,No major warning was found by the current checks.
TV,/Volumes/Bag O Holdn/Videos (Project Nonsense)/TV/Bluey/Bluey Seaseon 3 Episode 4.mp4,h264,High,852x480,852,480,0.25,25.0,25.0,yuv420p,False,OK,0,0,OK,NONE,No major warning was found by the current checks.
TV,/Volumes/Bag O Holdn/Videos (Project Nonsense)/TV/Bluey/Bluey Seaseon 3 Episode 5.mp4,h264,High,852x480,852,480,0.24,25.0,25.0,yuv420p,False,OK,0,0,OK,NONE,No major warning was found by the current checks.
TV,/Volumes/Bag O Holdn/Videos (Project Nonsense)/TV/Bluey/Bluey Seaseon 3 Episode 6.mp4,h264,High,852x480,852,480,0.26,25.0,25.0,yuv420p,False,OK,0,0,OK,NONE,No major warning was found by the current checks.
TV,/Volumes/Bag O Holdn/Videos (Project Nonsense)/TV/Bluey/Bluey Seaseon 3 Episode 7 Fav.mp4,h264,High,852x480,852,480,0.24,25.0,25.0,yuv420p,False,OK,0,0,OK,NONE,No major warning was found by the current checks.
TV,/Volumes/Bag O Holdn/Videos (Project Nonsense)/TV/Bluey/Bluey Seaseon 3 Episode 8 Fav.mp4,h264,High,852x480,852,480,0.24,25.0,25.0,yuv420p,False,OK,0,0,OK,NONE,No major warning was found by the current checks.
TV,/Volumes/Bag O Holdn/Videos (Project Nonsense)/TV/Bluey/Bluey Seaseon 3 Episode 9.mp4,h264,High,852x480,852,480,0.26,25.0,25.0,yuv420p,False,OK,0,0,OK,NONE,No major warning was found by the current checks.
TV,/Volumes/Bag O Holdn/Videos (Project Nonsense)/TV/Bluey/Bluey Seaseon 3 Episode 10.mp4,h264,High,852x480,852,480,0.28,25.0,25.0,yuv420p,False,OK,0,0,OK,NONE,No major warning was found by the current checks.
TV,/Volumes/Bag O Holdn/Videos (Project Nonsense)/TV/Bluey/Bluey Seaseon 3 Episode 11.mp4,h264,High,852x480,852,480,0.27,25.0,25.0,yuv420p,False,OK,0,0,OK,NONE,No major warning was found by the current checks.
TV,/Volumes/Bag O Holdn/Videos (Project Nonsense)/TV/Bluey/Bluey Seaseon 3 Episode 12.mp4,h264,High,852x480,852,480,0.27,25.0,25.0,yuv420p,False,OK,0,0,OK,NONE,No major warning was found by the current checks.
TV,/Volumes/Bag O Holdn/Videos (Project Nonsense)/TV/Bluey/Bluey Seaseon 3 Episode 13.mp4,h264,High,852x480,852,480,0.28,25.0,25.0,yuv420p,False,OK,0,0,OK,NONE,No major warning was found by the current checks.
TV,/Volumes/Bag O Holdn/Videos (Project Nonsense)/TV/Bluey/Bluey Seaseon 3 Episode 14.mp4,h264,High,852x480,852,480,0.3,25.0,25.0,yuv420p,False,OK,0,0,OK,NONE,No major warning was found by the current checks.
TV,/Volumes/Bag O Holdn/Videos (Project Nonsense)/TV/Bluey/Bluey Seaseon 3 Episode 15.mp4,h264,High,852x480,852,480,0.25,25.0,25.0,yuv420p,False,OK,0,0,OK,NONE,No major warning was found by the current checks.
TV,/Volumes/Bag O Holdn/Videos (Project Nonsense)/TV/Bluey/Bluey Seaseon 3 Episode 16.mp4,h264,High,852x480,852,480,0.24,25.0,25.0,yuv420p,False,OK,0,0,OK,NONE,No major warning was found by the current checks.
TV,/Volumes/Bag O Holdn/Videos (Project Nonsense)/TV/Bluey/Bluey Seaseon 3 Episode 17.mp4,h264,High,852x480,852,480,0.25,25.0,25.0,yuv420p,False,OK,0,0,OK,NONE,No major warning was found by the current checks.
TV,/Volumes/Bag O Holdn/Videos (Project Nonsense)/TV/Bluey/Bluey Seaseon 3 Episode 18 Fav.mp4,h264,High,852x480,852,480,0.4,25.0,25.0,yuv420p,False,OK,0,0,OK,NONE,No major warning was found by the current checks.
TV,/Volumes/Bag O Holdn/Videos (Project Nonsense)/TV/Bluey/Bluey Seaseon 3 Episode 21.mp4,h264,High,852x480,852,480,0.28,25.0,25.0,yuv420p,False,OK,0,0,OK,NONE,No major warning was found by the current checks.
TV,/Volumes/Bag O Holdn/Videos (Project Nonsense)/TV/Bluey/Bluey Seaseon 3 Episode 22.mp4,h264,High,852x480,852,480,0.24,25.0,25.0,yuv420p,False,OK,0,0,OK,NONE,No major warning was found by the current checks.
TV,/Volumes/Bag O Holdn/Videos (Project Nonsense)/TV/Bluey/Bluey Seaseon 3 Episode 19.mp4,h264,High,852x480,852,480,0.25,25.0,25.0,yuv420p,False,OK,0,0,OK,NONE,No major warning was found by the current checks.
TV,/Volumes/Bag O Holdn/Videos (Project Nonsense)/TV/Bluey/Bluey Seaseon 3 Episode 23.mp4,h264,High,852x480,852,480,0.25,25.0,25.0,yuv420p,False,OK,0,0,OK,NONE,No major warning was found by the current checks.
TV,/Volumes/Bag O Holdn/Videos (Project Nonsense)/TV/Bluey/Bluey Seaseon 3 Episode 24.mp4,h264,High,852x480,852,480,0.37,25.0,25.0,yuv420p,False,OK,0,0,OK,NONE,No major warning was found by the current checks.
TV,/Volumes/Bag O Holdn/Videos (Project Nonsense)/TV/Bluey/Bluey Seaseon 3 Episode 25.mp4,h264,High,852x480,852,480,0.26,25.0,25.0,yuv420p,False,OK,0,0,OK,NONE,No major warning was found by the current checks.
TV,/Volumes/Bag O Holdn/Videos (Project Nonsense)/TV/Bluey/Bluey Seaseon 3 Episode 26.mp4,h264,High,852x480,852,480,0.26,25.0,25.0,yuv420p,False,OK,0,0,OK,NONE,No major warning was found by the current checks.
TV,/Volumes/Bag O Holdn/Videos (Project Nonsense)/TV/Bluey/Bluey Seaseon 3 Episode 27.mp4,h264,High,852x480,852,480,0.34,25.0,25.0,yuv420p,False,OK,0,0,OK,NONE,No major warning was found by the current checks.
TV,/Volumes/Bag O Holdn/Videos (Project Nonsense)/TV/Bluey/Bluey Seaseon 3 Episode 28.mp4,h264,High,852x480,852,480,0.27,25.0,25.0,yuv420p,False,OK,0,0,OK,NONE,No major warning was found by the current checks.
TV,/Volumes/Bag O Holdn/Videos (Project Nonsense)/TV/Bluey/Bluey Seaseon 3 Episode 29.mp4,h264,High,852x480,852,480,0.28,25.0,25.0,yuv420p,False,OK,0,0,OK,NONE,No major warning was found by the current checks.
TV,/Volumes/Bag O Holdn/Videos (Project Nonsense)/TV/Bluey/Bluey Seaseon 3 Episode 30.mp4,h264,High,852x480,852,480,0.28,25.0,25.0,yuv420p,False,OK,0,0,OK,NONE,No major warning was found by the current checks.
TV,/Volumes/Bag O Holdn/Videos (Project Nonsense)/TV/Bluey/Bluey Seaseon 3 Episode 31.mp4,h264,High,852x480,852,480,0.33,25.0,25.0,yuv420p,False,OK,0,0,OK,NONE,No major warning was found by the current checks.
TV,/Volumes/Bag O Holdn/Videos (Project Nonsense)/TV/Bluey/Bluey Seaseon 3 Episode 32.mp4,h264,High,852x480,852,480,0.23,25.0,25.0,yuv420p,False,OK,0,0,OK,NONE,No major warning was found by the current checks.
TV,/Volumes/Bag O Holdn/Videos (Project Nonsense)/TV/Bluey/Bluey Seaseon 3 Episode 33.mp4,h264,High,852x480,852,480,0.29,25.0,25.0,yuv420p,False,OK,0,0,OK,NONE,No major warning was found by the current checks.
TV,/Volumes/Bag O Holdn/Videos (Project Nonsense)/TV/Bluey/Bluey Seaseon 3 Episode 34.mp4,h264,High,852x480,852,480,0.23,25.0,25.0,yuv420p,False,OK,0,0,OK,NONE,No major warning was found by the current checks.
TV,/Volumes/Bag O Holdn/Videos (Project Nonsense)/TV/Bluey/Bluey Seaseon 3 Episode 35.mp4,h264,High,852x480,852,480,0.29,25.0,25.0,yuv420p,False,OK,0,0,OK,NONE,No major warning was found by the current checks.
TV,/Volumes/Bag O Holdn/Videos (Project Nonsense)/TV/Bluey/Bluey Seaseon 3 Episode 36.mp4,h264,High,852x480,852,480,0.25,25.0,25.0,yuv420p,False,OK,0,0,OK,NONE,No major warning was found by the current checks.
TV,/Volumes/Bag O Holdn/Videos (Project Nonsense)/TV/Bluey/Bluey Seaseon 3 Episode 37.mp4,h264,High,852x480,852,480,0.33,25.0,25.0,yuv420p,False,OK,0,0,OK,NONE,No major warning was found by the current checks.
TV,/Volumes/Bag O Holdn/Videos (Project Nonsense)/TV/Bluey/Bluey Seaseon 3 Episode 38.mp4,h264,High,852x480,852,480,0.29,25.0,25.0,yuv420p,False,OK,0,0,OK,NONE,No major warning was found by the current checks.
TV,/Volumes/Bag O Holdn/Videos (Project Nonsense)/TV/Bluey/Bluey Seaseon 3 Episode 39.mp4,h264,High,852x480,852,480,0.3,25.0,25.0,yuv420p,False,OK,0,0,OK,NONE,No major warning was found by the current checks.
TV,/Volumes/Bag O Holdn/Videos (Project Nonsense)/TV/Bluey/Bluey Seaseon 3 Episode 40.mp4,h264,High,852x480,852,480,0.25,25.0,25.0,yuv420p,False,OK,0,0,OK,NONE,No major warning was found by the current checks.
TV,/Volumes/Bag O Holdn/Videos (Project Nonsense)/TV/Bluey/Bluey Seaseon 3 Episode 41.mp4,h264,High,852x480,852,480,0.23,25.0,25.0,yuv420p,False,OK,0,0,OK,NONE,No major warning was found by the current checks.
TV,/Volumes/Bag O Holdn/Videos (Project Nonsense)/TV/Bluey/Bluey Seaseon 3 Episode 42.mp4,h264,High,852x480,852,480,0.25,25.0,25.0,yuv420p,False,OK,0,0,OK,NONE,No major warning was found by the current checks.
TV,/Volumes/Bag O Holdn/Videos (Project Nonsense)/TV/Bluey/Bluey Seaseon 3 Episode 43 Fav.mp4,h264,High,852x480,852,480,0.41,25.0,25.0,yuv420p,False,OK,0,0,OK,NONE,No major warning was found by the current checks.
TV,/Volumes/Bag O Holdn/Videos (Project Nonsense)/TV/Bluey/Bluey Seaseon 3 Episode 44.mp4,h264,High,852x480,852,480,0.26,25.0,25.0,yuv420p,False,OK,0,0,OK,NONE,No major warning was found by the current checks.
TV,/Volumes/Bag O Holdn/Videos (Project Nonsense)/TV/Bluey/Bluey Seaseon 3 Episode 45.mp4,h264,High,852x480,852,480,0.29,25.0,25.0,yuv420p,False,OK,0,0,OK,NONE,No major warning was found by the current checks.
TV,/Volumes/Bag O Holdn/Videos (Project Nonsense)/TV/Bluey/Bluey Seaseon 3 Episode 46.mp4,h264,High,852x480,852,480,0.31,25.0,25.0,yuv420p,False,OK,0,0,OK,NONE,No major warning was found by the current checks.
TV,/Volumes/Bag O Holdn/Videos (Project Nonsense)/TV/Bluey/Bluey Seaseon 3 Episode 47.mp4,h264,High,852x480,852,480,0.33,25.0,25.0,yuv420p,False,OK,0,0,OK,NONE,No major warning was found by the current checks.
TV,/Volumes/Bag O Holdn/Videos (Project Nonsense)/TV/Bluey/Bluey Seaseon 3 Episode 48.mp4,h264,High,852x480,852,480,0.27,23.976,23.976,yuv420p,False,OK,0,0,OK,NONE,No major warning was found by the current checks.
TV,/Volumes/Bag O Holdn/Videos (Project Nonsense)/TV/Bluey/Bluey Seaseon 3 Episode 49.mp4,h264,High,852x480,852,480,0.3,23.976,23.976,yuv420p,False,OK,0,0,OK,NONE,No major warning was found by the current checks.
TV,/Volumes/Bag O Holdn/Videos (Project Nonsense)/TV/Bluey/Bluey Seaseon 3 Episode 50.mp4,h264,High,852x480,852,480,0.32,23.976,23.976,yuv420p,False,OK,0,0,OK,NONE,No major warning was found by the current checks.
TV,/Volumes/Bag O Holdn/Videos (Project Nonsense)/TV/Delicious In Dungeon/Dungeon Meshi-1.mp4,h264,High,852x480,852,480,0.3,23.976,23.976,yuv420p,False,OK,0,0,OK,NONE,No major warning was found by the current checks.
TV,/Volumes/Bag O Holdn/Videos (Project Nonsense)/TV/Delicious In Dungeon/Dungeon Meshi-2.mp4,h264,High,852x480,852,480,0.27,23.976,23.976,yuv420p,False,OK,0,0,OK,NONE,No major warning was found by the current checks.
TV,/Volumes/Bag O Holdn/Videos (Project Nonsense)/TV/Delicious In Dungeon/Dungeon Meshi-3.mp4,h264,High,852x480,852,480,0.28,23.976,23.976,yuv420p,False,OK,0,0,OK,NONE,No major warning was found by the current checks.
TV,/Volumes/Bag O Holdn/Videos (Project Nonsense)/TV/Delicious In Dungeon/Dungeon Meshi-4.mp4,h264,High,852x480,852,480,0.22,23.976,23.976,yuv420p,False,OK,0,0,OK,NONE,No major warning was found by the current checks.
TV,/Volumes/Bag O Holdn/Videos (Project Nonsense)/TV/Delicious In Dungeon/Dungeon Meshi-5.mp4,h264,High,852x480,852,480,0.29,23.976,23.976,yuv420p,False,OK,0,0,OK,NONE,No major warning was found by the current checks.
TV,/Volumes/Bag O Holdn/Videos (Project Nonsense)/TV/Delicious In Dungeon/Dungeon Meshi-6.mp4,h264,High,852x480,852,480,0.25,23.976,23.976,yuv420p,False,OK,0,0,OK,NONE,No major warning was found by the current checks.
TV,/Volumes/Bag O Holdn/Videos (Project Nonsense)/TV/Delicious In Dungeon/Dungeon Meshi-7.mp4,h264,High,852x480,852,480,0.28,23.976,23.976,yuv420p,False,OK,0,0,OK,NONE,No major warning was found by the current checks.
TV,/Volumes/Bag O Holdn/Videos (Project Nonsense)/TV/Delicious In Dungeon/Dungeon Meshi-8.mp4,h264,High,852x480,852,480,0.24,23.976,23.976,yuv420p,False,OK,0,0,OK,NONE,No major warning was found by the current checks.
TV,/Volumes/Bag O Holdn/Videos (Project Nonsense)/TV/Delicious In Dungeon/Dungeon Meshi-9.mp4,h264,High,852x480,852,480,0.24,23.976,23.976,yuv420p,False,OK,0,0,OK,NONE,No major warning was found by the current checks.
TV,/Volumes/Bag O Holdn/Videos (Project Nonsense)/TV/Delicious In Dungeon/Dungeon Meshi-10.mp4,h264,High,852x480,852,480,0.24,23.976,23.976,yuv420p,False,OK,0,0,OK,NONE,No major warning was found by the current checks.
TV,/Volumes/Bag O Holdn/Videos (Project Nonsense)/TV/Delicious In Dungeon/Dungeon Meshi-11.mp4,h264,High,852x480,852,480,0.28,23.976,23.976,yuv420p,False,OK,0,0,OK,NONE,No major warning was found by the current checks.
TV,/Volumes/Bag O Holdn/Videos (Project Nonsense)/TV/Delicious In Dungeon/Dungeon Meshi-12.mp4,h264,High,852x480,852,480,0.24,23.976,23.976,yuv420p,False,OK,0,0,OK,NONE,No major warning was found by the current checks.
TV,/Volumes/Bag O Holdn/Videos (Project Nonsense)/TV/Delicious In Dungeon/Dungeon Meshi-13.mp4,h264,High,852x480,852,480,0.22,23.976,23.976,yuv420p,False,OK,0,0,OK,NONE,No major warning was found by the current checks.
TV,/Volumes/Bag O Holdn/Videos (Project Nonsense)/TV/Delicious In Dungeon/Dungeon Meshi-14.mp4,h264,High,852x480,852,480,0.22,23.81,23.81,yuv420p,False,OK,0,0,OK,NONE,No major warning was found by the current checks.
TV,/Volumes/Bag O Holdn/Videos (Project Nonsense)/TV/Delicious In Dungeon/Dungeon Meshi-15.mp4,h264,High,852x480,852,480,0.31,23.976,23.976,yuv420p,False,OK,0,0,OK,NONE,No major warning was found by the current checks.
TV,/Volumes/Bag O Holdn/Videos (Project Nonsense)/TV/Delicious In Dungeon/Dungeon Meshi-16.mp4,h264,High,852x480,852,480,0.23,23.81,23.81,yuv420p,False,OK,0,0,OK,NONE,No major warning was found by the current checks.
TV,/Volumes/Bag O Holdn/Videos (Project Nonsense)/TV/Delicious In Dungeon/Dungeon Meshi-17.mp4,h264,High,852x480,852,480,0.29,23.976,23.976,yuv420p,False,OK,0,0,OK,NONE,No major warning was found by the current checks.
TV,/Volumes/Bag O Holdn/Videos (Project Nonsense)/TV/Delicious In Dungeon/Dungeon Meshi-18.mp4,h264,High,852x480,852,480,0.35,23.976,23.976,yuv420p,False,OK,0,0,OK,NONE,No major warning was found by the current checks.
TV,/Volumes/Bag O Holdn/Videos (Project Nonsense)/TV/Delicious In Dungeon/Dungeon Meshi-19.mp4,h264,High,852x480,852,480,0.26,23.976,23.976,yuv420p,False,OK,0,0,OK,NONE,No major warning was found by the current checks.
TV,/Volumes/Bag O Holdn/Videos (Project Nonsense)/TV/Delicious In Dungeon/Dungeon Meshi-20.mp4,h264,High,852x480,852,480,0.27,23.976,23.976,yuv420p,False,OK,0,0,OK,NONE,No major warning was found by the current checks.
TV,/Volumes/Bag O Holdn/Videos (Project Nonsense)/TV/Delicious In Dungeon/Dungeon Meshi-21.mp4,h264,High,852x480,852,480,0.24,23.976,23.976,yuv420p,False,OK,0,0,OK,NONE,No major warning was found by the current checks.
TV,/Volumes/Bag O Holdn/Videos (Project Nonsense)/TV/Delicious In Dungeon/Dungeon Meshi-22.mp4,h264,High,852x480,852,480,0.3,23.976,23.976,yuv420p,False,OK,0,0,OK,NONE,No major warning was found by the current checks.
TV,/Volumes/Bag O Holdn/Videos (Project Nonsense)/TV/Delicious In Dungeon/Dungeon Meshi-23.mp4,h264,High,852x480,852,480,0.24,23.976,23.976,yuv420p,False,OK,0,0,OK,NONE,No major warning was found by the current checks.
TV,/Volumes/Bag O Holdn/Videos (Project Nonsense)/TV/Delicious In Dungeon/Dungeon Meshi-24.mp4,h264,High,852x480,852,480,0.28,23.976,23.976,yuv420p,False,OK,0,0,OK,NONE,No major warning was found by the current checks.
TV,/Volumes/Bag O Holdn/Videos (Project Nonsense)/TV/Epithet Erased/Epithet Erased- 1.mp4,h264,High,852x480,852,480,0.45,24.0,24.0,yuv420p,False,OK,0,0,OK,NONE,No major warning was found by the current checks.
TV,/Volumes/Bag O Holdn/Videos (Project Nonsense)/TV/Epithet Erased/Epithet Erased- 2.mp4,h264,High,1280x720,1280,720,0.67,24.0,24.0,yuv420p,False,OK,0,0,OK,NONE,No major warning was found by the current checks.
TV,/Volumes/Bag O Holdn/Videos (Project Nonsense)/TV/Epithet Erased/Epithet Erased- 3.mp4,h264,High,1280x720,1280,720,0.71,24.0,24.0,yuv420p,False,OK,0,0,OK,NONE,No major warning was found by the current checks.
TV,/Volumes/Bag O Holdn/Videos (Project Nonsense)/TV/Epithet Erased/Epithet Erased- 4.mp4,h264,High,1280x720,1280,720,0.77,24.0,24.0,yuv420p,False,OK,0,0,OK,NONE,No major warning was found by the current checks.
TV,/Volumes/Bag O Holdn/Videos (Project Nonsense)/TV/Epithet Erased/Epithet Erased- 5.mp4,h264,High,640x360,640,360,0.32,24.0,24.0,yuv420p,False,OK,0,0,OK,NONE,No major warning was found by the current checks.
TV,/Volumes/Bag O Holdn/Videos (Project Nonsense)/TV/Epithet Erased/Epithet Erased- 6.mp4,h264,High,1280x720,1280,720,0.87,24.0,24.0,yuv420p,False,OK,0,0,OK,NONE,No major warning was found by the current checks.
TV,/Volumes/Bag O Holdn/Videos (Project Nonsense)/TV/Epithet Erased/Epithet Erased- 7.mp4,h264,High,1280x720,1280,720,0.87,24.0,24.0,yuv420p,False,OK,0,0,OK,NONE,No major warning was found by the current checks.
TV,/Volumes/Bag O Holdn/Videos (Project Nonsense)/TV/Gwain Saga Episodes/Gwain Saga 001 Geo (Reuploaded).mp4,h264,Main,1280x720,1280,720,0.32,24.0,24.0,yuv420p,False,OK,0,0,OK,NONE,No major warning was found by the current checks.
TV,/Volumes/Bag O Holdn/Videos (Project Nonsense)/TV/Gwain Saga Episodes/Gwain Saga 001 Geo.mp4,h264,Main,1280x720,1280,720,0.41,24.0,24.0,yuv420p,False,OK,0,0,OK,NONE,No major warning was found by the current checks.
TV,/Volumes/Bag O Holdn/Videos (Project Nonsense)/TV/Gwain Saga Episodes/Gwain Saga 002 Gwain.mp4,h264,Main,1280x720,1280,720,0.41,24.0,24.0,yuv420p,False,OK,0,0,OK,NONE,No major warning was found by the current checks.
TV,/Volumes/Bag O Holdn/Videos (Project Nonsense)/TV/Gwain Saga Episodes/Gwain Saga 003 Agni & Deva.mp4,h264,Constrained Baseline,640x360,640,360,0.33,24.0,23.87,yuv420p,True,POSSIBLE VARIABLE FRAME RATE,1,85,VERY HIGH,POSSIBLE VARIABLE FRAME RATE,"The nominal and average frame rates do not match closely. Because your symptom is video falling behind while audio keeps going, this is especially worth investigating for Project Nonsense."
TV,/Volumes/Bag O Holdn/Videos (Project Nonsense)/TV/Gwain Saga Episodes/Gwain Saga 004 Marlow.mp4,h264,Constrained Baseline,640x360,640,360,0.34,24.0,24.0,yuv420p,False,OK,0,0,OK,NONE,No major warning was found by the current checks.
TV,/Volumes/Bag O Holdn/Videos (Project Nonsense)/TV/Gwain Saga Episodes/Gwain Saga 005 Ami.mp4,h264,Constrained Baseline,640x360,640,360,0.3,24.0,24.0,yuv420p,False,OK,0,0,OK,NONE,No major warning was found by the current checks.
TV,/Volumes/Bag O Holdn/Videos (Project Nonsense)/TV/Gwain Saga Episodes/Gwain Saga 006 Savien.mp4,h264,Constrained Baseline,640x360,640,360,0.35,24.0,24.0,yuv420p,False,OK,0,0,OK,NONE,No major warning was found by the current checks.
TV,/Volumes/Bag O Holdn/Videos (Project Nonsense)/TV/Gwain Saga Episodes/Gwain Saga 007 Lanney.mp4,h264,Constrained Baseline,640x360,640,360,0.36,24.0,24.0,yuv420p,False,OK,0,0,OK,NONE,No major warning was found by the current checks.
TV,/Volumes/Bag O Holdn/Videos (Project Nonsense)/TV/Gwain Saga Episodes/Gwain Saga 008.mp4,h264,Main,640x360,640,360,0.33,24.0,24.0,yuv420p,False,OK,0,0,OK,NONE,No major warning was found by the current checks.
TV,/Volumes/Bag O Holdn/Videos (Project Nonsense)/TV/Haunted Hotel/Haunted Hotel Ep 1.mp4,h264,Main,1280x720,1280,720,1.59,24.0,24.0,yuv420p,False,OK,0,0,OK,NONE,No major warning was found by the current checks.
TV,/Volumes/Bag O Holdn/Videos (Project Nonsense)/TV/Haunted Hotel/Haunted Hotel Ep 2.mp4,h264,Main,1280x720,1280,720,1.38,24.0,24.0,yuv420p,False,OK,0,0,OK,NONE,No major warning was found by the current checks.
TV,/Volumes/Bag O Holdn/Videos (Project Nonsense)/TV/Haunted Hotel/Haunted Hotel Ep 3.mp4,h264,Main,1280x720,1280,720,1.41,24.0,24.0,yuv420p,False,OK,0,0,OK,NONE,No major warning was found by the current checks.
TV,/Volumes/Bag O Holdn/Videos (Project Nonsense)/TV/Haunted Hotel/Haunted Hotel Ep 4.mp4,h264,Main,1280x720,1280,720,1.32,24.0,24.0,yuv420p,False,OK,0,0,OK,NONE,No major warning was found by the current checks.
TV,/Volumes/Bag O Holdn/Videos (Project Nonsense)/TV/Haunted Hotel/Haunted Hotel Ep 5.mp4,h264,Main,1280x720,1280,720,1.54,24.0,24.0,yuv420p,False,OK,0,0,OK,NONE,No major warning was found by the current checks.
TV,/Volumes/Bag O Holdn/Videos (Project Nonsense)/TV/Haunted Hotel/Haunted Hotel Ep 6.mp4,h264,Main,1280x720,1280,720,1.37,24.0,24.0,yuv420p,False,OK,0,0,OK,NONE,No major warning was found by the current checks.
TV,/Volumes/Bag O Holdn/Videos (Project Nonsense)/TV/Haunted Hotel/Haunted Hotel Ep 7.mp4,h264,Main,1280x720,1280,720,1.44,24.0,24.0,yuv420p,False,OK,0,0,OK,NONE,No major warning was found by the current checks.
TV,/Volumes/Bag O Holdn/Videos (Project Nonsense)/TV/Haunted Hotel/Haunted Hotel Ep 8.mp4,h264,Main,1280x720,1280,720,1.24,24.0,24.0,yuv420p,False,OK,0,0,OK,NONE,No major warning was found by the current checks.
TV,/Volumes/Bag O Holdn/Videos (Project Nonsense)/TV/Haunted Hotel/Haunted Hotel Ep 9.mp4,h264,Main,1280x720,1280,720,1.42,24.0,24.0,yuv420p,False,OK,0,0,OK,NONE,No major warning was found by the current checks.
TV,/Volumes/Bag O Holdn/Videos (Project Nonsense)/TV/Haunted Hotel/Haunted Hotel Ep 10.mp4,h264,Main,1280x720,1280,720,1.52,24.0,24.0,yuv420p,False,OK,0,0,OK,NONE,No major warning was found by the current checks.
TV,/Volumes/Bag O Holdn/Videos (Project Nonsense)/TV/Kid Cosmic/Kid Cosmic Ep 1.mp4,h264,High,852x480,852,480,0.34,24.0,24.0,yuv420p,False,OK,0,0,OK,NONE,No major warning was found by the current checks.
TV,/Volumes/Bag O Holdn/Videos (Project Nonsense)/TV/Kid Cosmic/Kid Cosmic Ep 2.mp4,h264,High,1280x720,1280,720,0.69,24.0,24.0,yuv420p,False,OK,0,0,OK,NONE,No major warning was found by the current checks.
TV,/Volumes/Bag O Holdn/Videos (Project Nonsense)/TV/Kid Cosmic/Kid Cosmic Ep 3.mp4,h264,High,1280x720,1280,720,0.66,24.0,24.0,yuv420p,False,OK,0,0,OK,NONE,No major warning was found by the current checks.
TV,/Volumes/Bag O Holdn/Videos (Project Nonsense)/TV/Kid Cosmic/Kid Cosmic Ep 4.mp4,h264,High,1280x720,1280,720,0.85,24.0,24.0,yuv420p,False,OK,0,0,OK,NONE,No major warning was found by the current checks.
TV,/Volumes/Bag O Holdn/Videos (Project Nonsense)/TV/Kid Cosmic/Kid Cosmic Ep 5.mp4,h264,High,1280x720,1280,720,0.65,24.0,24.0,yuv420p,False,OK,0,0,OK,NONE,No major warning was found by the current checks.
TV,/Volumes/Bag O Holdn/Videos (Project Nonsense)/TV/Kid Cosmic/Kid Cosmic Ep 6.mp4,h264,High,1280x720,1280,720,0.66,24.0,24.0,yuv420p,False,OK,0,0,OK,NONE,No major warning was found by the current checks.
TV,/Volumes/Bag O Holdn/Videos (Project Nonsense)/TV/Kid Cosmic/Kid Cosmic Ep 7.mp4,h264,High,1280x720,1280,720,0.56,24.0,24.0,yuv420p,False,OK,0,0,OK,NONE,No major warning was found by the current checks.
TV,/Volumes/Bag O Holdn/Videos (Project Nonsense)/TV/Kid Cosmic/Kid Cosmic Ep 8.mp4,h264,High,1280x720,1280,720,0.83,24.0,24.0,yuv420p,False,OK,0,0,OK,NONE,No major warning was found by the current checks.
TV,/Volumes/Bag O Holdn/Videos (Project Nonsense)/TV/Kid Cosmic/Kid Cosmic Ep 9.mp4,h264,High,1280x720,1280,720,0.56,24.0,24.0,yuv420p,False,OK,0,0,OK,NONE,No major warning was found by the current checks.
TV,/Volumes/Bag O Holdn/Videos (Project Nonsense)/TV/Kid Cosmic/Kid Cosmic Ep 10.mp4,h264,High,1280x720,1280,720,0.69,24.0,24.0,yuv420p,False,OK,0,0,OK,NONE,No major warning was found by the current checks.
TV,/Volumes/Bag O Holdn/Videos (Project Nonsense)/TV/Kid Cosmic/Kid Cosmic S2 Ep 1.mp4,h264,High,1280x720,1280,720,0.63,24.0,24.0,yuv420p,False,OK,0,0,OK,NONE,No major warning was found by the current checks.
TV,/Volumes/Bag O Holdn/Videos (Project Nonsense)/TV/Kid Cosmic/Kid Cosmic S2 Ep 2.mp4,h264,High,1280x720,1280,720,0.5,24.0,24.0,yuv420p,False,OK,0,0,OK,NONE,No major warning was found by the current checks.
TV,/Volumes/Bag O Holdn/Videos (Project Nonsense)/TV/Kid Cosmic/Kid Cosmic S2 Ep 3.mp4,h264,High,1280x720,1280,720,0.73,24.0,24.0,yuv420p,False,OK,0,0,OK,NONE,No major warning was found by the current checks.
TV,/Volumes/Bag O Holdn/Videos (Project Nonsense)/TV/Kid Cosmic/Kid Cosmic S2 Ep 4.mp4,h264,High,1280x720,1280,720,0.68,24.0,24.0,yuv420p,False,OK,0,0,OK,NONE,No major warning was found by the current checks.
TV,/Volumes/Bag O Holdn/Videos (Project Nonsense)/TV/Kid Cosmic/Kid Cosmic S2 Ep 5.mp4,h264,High,1280x720,1280,720,0.68,24.0,24.0,yuv420p,False,OK,0,0,OK,NONE,No major warning was found by the current checks.
TV,/Volumes/Bag O Holdn/Videos (Project Nonsense)/TV/Kid Cosmic/Kid Cosmic S2 Ep 6.mp4,h264,High,1280x720,1280,720,0.77,24.0,24.0,yuv420p,False,OK,0,0,OK,NONE,No major warning was found by the current checks.
TV,/Volumes/Bag O Holdn/Videos (Project Nonsense)/TV/Kid Cosmic/Kid Cosmic S2 Ep 7.mp4,h264,High,1280x720,1280,720,0.72,24.0,24.0,yuv420p,False,OK,0,0,OK,NONE,No major warning was found by the current checks.
TV,/Volumes/Bag O Holdn/Videos (Project Nonsense)/TV/Kid Cosmic/Kid Cosmic S2 Ep 8.mp4,h264,High,1280x720,1280,720,0.75,24.0,24.0,yuv420p,False,OK,0,0,OK,NONE,No major warning was found by the current checks.
TV,/Volumes/Bag O Holdn/Videos (Project Nonsense)/TV/Kid Cosmic/Kid Cosmic S3 Ep 1.mp4,h264,High,1280x720,1280,720,0.84,24.0,24.0,yuv420p,False,OK,0,0,OK,NONE,No major warning was found by the current checks.
TV,/Volumes/Bag O Holdn/Videos (Project Nonsense)/TV/Kid Cosmic/Kid Cosmic S3 Ep 2.mp4,h264,High,1280x720,1280,720,0.74,24.0,24.0,yuv420p,False,OK,0,0,OK,NONE,No major warning was found by the current checks.
TV,/Volumes/Bag O Holdn/Videos (Project Nonsense)/TV/Kid Cosmic/Kid Cosmic S3 Ep 3.mp4,h264,High,1280x720,1280,720,0.54,24.0,24.0,yuv420p,False,OK,0,0,OK,NONE,No major warning was found by the current checks.
TV,/Volumes/Bag O Holdn/Videos (Project Nonsense)/TV/Kid Cosmic/Kid Cosmic S3 Ep 4.mp4,h264,High,1280x720,1280,720,0.48,24.0,24.0,yuv420p,False,OK,0,0,OK,NONE,No major warning was found by the current checks.
TV,/Volumes/Bag O Holdn/Videos (Project Nonsense)/TV/Kid Cosmic/Kid Cosmic S3 Ep 5.mp4,h264,High,1280x720,1280,720,0.83,24.0,24.0,yuv420p,False,OK,0,0,OK,NONE,No major warning was found by the current checks.
TV,/Volumes/Bag O Holdn/Videos (Project Nonsense)/TV/Kid Cosmic/Kid Cosmic S3 Ep 6.mp4,h264,High,1280x720,1280,720,0.59,24.0,24.0,yuv420p,False,OK,0,0,OK,NONE,No major warning was found by the current checks.
TV,/Volumes/Bag O Holdn/Videos (Project Nonsense)/TV/Kirby Right Back At Ya!/Episode 92 - Hunger Struck.mp4,h264,Constrained Baseline,640x480,640,480,1.21,25.0,25.0,yuv420p,False,OK,0,0,OK,NONE,No major warning was found by the current checks.
TV,/Volumes/Bag O Holdn/Videos (Project Nonsense)/TV/Kirby Right Back At Ya!/Episode 2 - A Blockbuster Battle [CC].mp4,h264,High,640x480,640,480,0.72,29.97,29.97,yuv420p,False,OK,0,0,OK,NONE,No major warning was found by the current checks.
TV,/Volumes/Bag O Holdn/Videos (Project Nonsense)/TV/Kirby Right Back At Ya!/Episode 93 - D_Preciation Day.mp4,h264,Constrained Baseline,640x480,640,480,1.22,25.0,25.0,yuv420p,False,OK,0,0,OK,NONE,No major warning was found by the current checks.
TV,/Volumes/Bag O Holdn/Videos (Project Nonsense)/TV/Kirby Right Back At Ya!/Episode 77 - Dedede_s Monsterpiece {still looking for last minute of audio!}.mp4,h264,Constrained Baseline,640x480,640,480,1.22,25.0,25.0,yuv420p,False,OK,0,0,OK,NONE,No major warning was found by the current checks.
TV,/Volumes/Bag O Holdn/Videos (Project Nonsense)/TV/Kirby Right Back At Ya!/Episode 75 - Fossil Fools - Part 1.mp4,h264,Constrained Baseline,640x480,640,480,1.23,25.0,25.0,yuv420p,False,OK,0,0,OK,NONE,No major warning was found by the current checks.
TV,/Volumes/Bag O Holdn/Videos (Project Nonsense)/TV/Kirby Right Back At Ya!/Episode 78 - Right Hand Robot.mp4,h264,Constrained Baseline,640x480,640,480,1.22,25.0,25.0,yuv420p,False,OK,0,0,OK,NONE,No major warning was found by the current checks.
TV,/Volumes/Bag O Holdn/Videos (Project Nonsense)/TV/Kirby Right Back At Ya!/Episode 7 - Kirby_s Egg-cellent Adventure.mp4,h264,Constrained Baseline,640x480,640,480,1.21,25.0,25.0,yuv420p,False,OK,0,0,OK,NONE,No major warning was found by the current checks.
TV,/Volumes/Bag O Holdn/Videos (Project Nonsense)/TV/Kirby Right Back At Ya!/Episode 1 - Kirby Comes to Cappy Town [CC].mp4,h264,High,640x480,640,480,0.67,29.97,29.97,yuv420p,False,OK,0,0,OK,NONE,No major warning was found by the current checks.
TV,/Volumes/Bag O Holdn/Videos (Project Nonsense)/TV/Kirby Right Back At Ya!/Episode 52 [4Kids Ep. 45] - Snack Attack - Part 1.mp4,h264,Constrained Baseline,640x480,640,480,1.22,25.0,25.0,yuv420p,False,OK,0,0,OK,NONE,No major warning was found by the current checks.
TV,/Volumes/Bag O Holdn/Videos (Project Nonsense)/TV/Kirby Right Back At Ya!/Episode 4 - Dark and Stormy Knight [CC].mp4,h264,Constrained Baseline,640x480,640,480,1.22,25.0,25.0,yuv420p,False,OK,0,0,OK,NONE,No major warning was found by the current checks.
TV,/Volumes/Bag O Holdn/Videos (Project Nonsense)/TV/Kirby Right Back At Ya!/Episode 74 - Caterpillar Thriller.mp4,h264,Constrained Baseline,640x480,640,480,1.22,25.0,25.0,yuv420p,False,OK,0,0,OK,NONE,No major warning was found by the current checks.
TV,/Volumes/Bag O Holdn/Videos (Project Nonsense)/TV/Kirby Right Back At Ya!/Episode 83 - Teacher_s Threat.mp4,h264,Constrained Baseline,640x480,640,480,1.22,25.0,25.0,yuv420p,False,OK,0,0,OK,NONE,No major warning was found by the current checks.
TV,/Volumes/Bag O Holdn/Videos (Project Nonsense)/TV/Kirby Right Back At Ya!/Episode 67 - The School Scam.mp4,h264,Constrained Baseline,640x480,640,480,1.22,25.0,25.0,yuv420p,False,OK,0,0,OK,NONE,No major warning was found by the current checks.
TV,/Volumes/Bag O Holdn/Videos (Project Nonsense)/TV/Kirby Right Back At Ya!/Episode 6 - Un-Reality TV [CC].mp4,h264,Constrained Baseline,640x480,640,480,1.22,25.0,25.0,yuv420p,False,OK,0,0,OK,NONE,No major warning was found by the current checks.
TV,/Volumes/Bag O Holdn/Videos (Project Nonsense)/TV/Kirby Right Back At Ya!/Episode 81 - A Trashy Tale.mp4,h264,Constrained Baseline,640x480,640,480,1.22,25.0,25.0,yuv420p,False,OK,0,0,OK,NONE,No major warning was found by the current checks.
TV,/Volumes/Bag O Holdn/Videos (Project Nonsense)/TV/Kirby Right Back At Ya!/Episode 79 - Goin_ Bonkers.mp4,h264,Constrained Baseline,640x480,640,480,1.21,25.0,25.0,yuv420p,False,OK,0,0,OK,NONE,No major warning was found by the current checks.
TV,/Volumes/Bag O Holdn/Videos (Project Nonsense)/TV/Kirby Right Back At Ya!/Episode 88 - Shell Shocked!.mp4,h264,Constrained Baseline,640x480,640,480,1.21,25.0,25.0,yuv420p,False,OK,0,0,OK,NONE,No major warning was found by the current checks.
TV,/Volumes/Bag O Holdn/Videos (Project Nonsense)/TV/Kirby Right Back At Ya!/Episode 87 - Waste Management.mp4,h264,Constrained Baseline,640x480,640,480,1.21,25.0,25.0,yuv420p,False,OK,0,0,OK,NONE,No major warning was found by the current checks.
TV,/Volumes/Bag O Holdn/Videos (Project Nonsense)/TV/Kirby Right Back At Ya!/Episode 84 - Mumbies Madness.mp4,h264,Constrained Baseline,640x480,640,480,1.21,25.0,25.0,yuv420p,False,OK,0,0,OK,NONE,No major warning was found by the current checks.
TV,/Volumes/Bag O Holdn/Videos (Project Nonsense)/TV/Kirby Right Back At Ya!/Episode 85 - A Sunsational Surprise.mp4,h264,Constrained Baseline,640x480,640,480,1.21,25.0,25.0,yuv420p,False,OK,0,0,OK,NONE,No major warning was found by the current checks.
TV,/Volumes/Bag O Holdn/Videos (Project Nonsense)/TV/Kirby Right Back At Ya!/Episode 82 - Cooking Up Trouble.mp4,h264,Constrained Baseline,640x480,640,480,1.22,25.0,25.0,yuv420p,False,OK,0,0,OK,NONE,No major warning was found by the current checks.
TV,/Volumes/Bag O Holdn/Videos (Project Nonsense)/TV/Kirby Right Back At Ya!/Episode 91 - Born to Be Mild - Part 2.mp4,h264,Constrained Baseline,640x480,640,480,1.21,25.0,25.0,yuv420p,False,OK,0,0,OK,NONE,No major warning was found by the current checks.
TV,/Volumes/Bag O Holdn/Videos (Project Nonsense)/TV/Kirby Right Back At Ya!/Episode 89 - Tooned Out.mp4,h264,Constrained Baseline,640x480,640,480,1.21,25.0,25.0,yuv420p,False,OK,0,0,OK,NONE,No major warning was found by the current checks.
TV,/Volumes/Bag O Holdn/Videos (Project Nonsense)/TV/Kirby Right Back At Ya!/Episode 80 - Power Ploy.mp4,h264,Constrained Baseline,640x480,640,480,1.21,25.0,25.0,yuv420p,False,OK,0,0,OK,NONE,No major warning was found by the current checks.
TV,/Volumes/Bag O Holdn/Videos (Project Nonsense)/TV/Kirby Right Back At Ya!/Episode 90 - Born to Be Mild - Part 1.mp4,h264,Constrained Baseline,640x480,640,480,1.23,25.0,25.0,yuv420p,False,OK,0,0,OK,NONE,No major warning was found by the current checks.
TV,/Volumes/Bag O Holdn/Videos (Project Nonsense)/TV/Kirby Right Back At Ya!/Episode 86 - A Chow Challenge.mp4,h264,Constrained Baseline,640x480,640,480,1.21,25.0,25.0,yuv420p,False,OK,0,0,OK,NONE,No major warning was found by the current checks.
TV,/Volumes/Bag O Holdn/Videos (Project Nonsense)/TV/Kirby Right Back At Ya!/Episode 76 - Fossil Fools - Part 2.mp4,h264,Constrained Baseline,640x480,640,480,1.22,25.0,25.0,yuv420p,False,OK,0,0,OK,NONE,No major warning was found by the current checks.
TV,/Volumes/Bag O Holdn/Videos (Project Nonsense)/TV/Kirby Right Back At Ya!/Episode 5 - Beware of Whispy Woods! [CC].mp4,h264,Constrained Baseline,640x480,640,480,1.22,25.0,25.0,yuv420p,False,OK,0,0,OK,NONE,No major warning was found by the current checks.
TV,/Volumes/Bag O Holdn/Videos (Project Nonsense)/TV/Kirby Right Back At Ya!/Episode 29 [4Kids Ep. 27] - A Spice Odyssey.mp4,h264,Constrained Baseline,640x480,640,480,1.23,25.0,25.0,yuv420p,False,OK,0,0,OK,NONE,No major warning was found by the current checks.
TV,/Volumes/Bag O Holdn/Videos (Project Nonsense)/TV/Kirby Right Back At Ya!/Episode 73 - Dedede_s Raw Deal.mp4,h264,Constrained Baseline,640x480,640,480,1.21,29.97,29.97,yuv420p,False,OK,0,0,OK,NONE,No major warning was found by the current checks.
TV,/Volumes/Bag O Holdn/Videos (Project Nonsense)/TV/Kirby Right Back At Ya!/Episode 3 - Kirby_s Duel Role [CC].mp4,h264,Constrained Baseline,640x480,640,480,1.2,25.0,25.0,yuv420p,False,OK,0,0,OK,NONE,No major warning was found by the current checks.
TV,/Volumes/Bag O Holdn/Videos (Project Nonsense)/TV/Kirby Right Back At Ya!/Episode 94 [4Kids Ep. 96] - Cowardly Creature.mp4,h264,Constrained Baseline,640x480,640,480,1.21,25.0,25.0,yuv420p,False,OK,0,0,OK,NONE,No major warning was found by the current checks.
TV,/Volumes/Bag O Holdn/Videos (Project Nonsense)/TV/Kirby Right Back At Ya!/Episode 53 [4Kids Ep. 46] - Snack Attack - Part 2.mp4,h264,Constrained Baseline,640x480,640,480,1.19,25.0,25.0,yuv420p,False,OK,0,0,OK,NONE,No major warning was found by the current checks.
TV,"/Volumes/Bag O Holdn/Videos (Project Nonsense)/TV/Kirby Right Back At Ya!/Episodes 96-100 [4Kids Ep. 50-51, 98-100] - Fright to the Finish!.mp4",h264,High,720x540,720,540,1.17,30.0,30.0,yuv420p,False,OK,0,0,OK,NONE,No major warning was found by the current checks.
TV,/Volumes/Bag O Holdn/Videos (Project Nonsense)/TV/Kirby Right Back At Ya!/Episode 51 [4Kids Ep. 49] - Kirby Takes the Cake.mp4,h264,Constrained Baseline,600x450,600,450,1.21,29.97,29.97,yuv420p,False,OK,0,0,OK,NONE,No major warning was found by the current checks.
TV,/Volumes/Bag O Holdn/Videos (Project Nonsense)/TV/Kirby Right Back At Ya!/Episode 95 [4Kids Ep. 97] - Frog Wild.mp4,h264,Constrained Baseline,640x480,640,480,1.22,25.0,25.0,yuv420p,False,OK,0,0,OK,NONE,No major warning was found by the current checks.
TV,/Volumes/Bag O Holdn/Videos (Project Nonsense)/TV/Kirby Right Back At Ya!/Episode 34 - A Recipe for Disaster.mp4,h264,Constrained Baseline,600x450,600,450,1.2,29.97,29.97,yuv420p,False,OK,0,0,OK,NONE,No major warning was found by the current checks.
TV,/Volumes/Bag O Holdn/Videos (Project Nonsense)/TV/Kirby Right Back At Ya!/Episode 50 [4Kids Ep. 48] - Don_t Bank On It.mp4,h264,Constrained Baseline,600x450,600,450,1.21,29.97,29.97,yuv420p,False,OK,0,0,OK,NONE,No major warning was found by the current checks.
TV,/Volumes/Bag O Holdn/Videos (Project Nonsense)/TV/Kirby Right Back At Ya!/Episode 9 - The FoFa Factor.mp4,h264,Constrained Baseline,640x480,640,480,1.21,25.0,25.0,yuv420p,False,OK,0,0,OK,NONE,No major warning was found by the current checks.
TV,/Volumes/Bag O Holdn/Videos (Project Nonsense)/TV/Kirby Right Back At Ya!/Episode 8 - Curio_s Curious Discovery.mp4,h264,Constrained Baseline,640x480,640,480,1.21,25.0,25.0,yuv420p,False,OK,0,0,OK,NONE,No major warning was found by the current checks.
TV,/Volumes/Bag O Holdn/Videos (Project Nonsense)/TV/Kirby Right Back At Ya!/Episode 10 - Hail to the Chief.mp4,h264,Constrained Baseline,640x480,640,480,1.21,25.0,25.0,yuv420p,False,OK,0,0,OK,NONE,No major warning was found by the current checks.
TV,/Volumes/Bag O Holdn/Videos (Project Nonsense)/TV/Kirby Right Back At Ya!/Episode 11 - The Big Taste Test.mp4,h264,Constrained Baseline,640x480,640,480,1.22,25.0,25.0,yuv420p,False,OK,0,0,OK,NONE,No major warning was found by the current checks.
TV,/Volumes/Bag O Holdn/Videos (Project Nonsense)/TV/Kirby Right Back At Ya!/Episode 54 - One Crazy Knight.mp4,h264,Constrained Baseline,640x480,640,480,1.21,25.0,25.0,yuv420p,False,OK,0,0,OK,NONE,No major warning was found by the current checks.
TV,/Volumes/Bag O Holdn/Videos (Project Nonsense)/TV/Kirby Right Back At Ya!/Episode 55 - Sweet and Sour Puss.mp4,h264,Constrained Baseline,640x480,640,480,1.22,25.0,25.0,yuv420p,False,OK,0,0,OK,NONE,No major warning was found by the current checks.
TV,/Volumes/Bag O Holdn/Videos (Project Nonsense)/TV/Kirby Right Back At Ya!/Episode 58 - eNeMeE Elementary.mp4,h264,Constrained Baseline,640x480,640,480,1.23,25.0,25.0,yuv420p,False,OK,0,0,OK,NONE,No major warning was found by the current checks.
TV,/Volumes/Bag O Holdn/Videos (Project Nonsense)/TV/Kirby Right Back At Ya!/Episode 57 - A Half Baked Battle.mp4,h264,Constrained Baseline,640x480,640,480,1.22,25.0,25.0,yuv420p,False,OK,0,0,OK,NONE,No major warning was found by the current checks.
TV,/Volumes/Bag O Holdn/Videos (Project Nonsense)/TV/Kirby Right Back At Ya!/Episode 56 - Dedede_s Pet Threat.mp4,h264,Constrained Baseline,640x480,640,480,1.22,25.0,25.0,yuv420p,False,OK,0,0,OK,NONE,No major warning was found by the current checks.
TV,/Volumes/Bag O Holdn/Videos (Project Nonsense)/TV/Kirby Right Back At Ya!/Episode 59 - The Meal Moocher.mp4,h264,Constrained Baseline,640x480,640,480,1.22,25.0,25.0,yuv420p,False,OK,0,0,OK,NONE,No major warning was found by the current checks.
TV,/Volumes/Bag O Holdn/Videos (Project Nonsense)/TV/Kirby Right Back At Ya!/Episode 60 - Crusade for the Blade.mp4,h264,Constrained Baseline,640x480,640,480,1.21,25.0,25.0,yuv420p,False,OK,0,0,OK,NONE,No major warning was found by the current checks.
TV,/Volumes/Bag O Holdn/Videos (Project Nonsense)/TV/Kirby Right Back At Ya!/Episode 61 - Fitness Fiend.mp4,h264,Constrained Baseline,640x480,640,480,1.21,25.0,25.0,yuv420p,False,OK,0,0,OK,NONE,No major warning was found by the current checks.
TV,/Volumes/Bag O Holdn/Videos (Project Nonsense)/TV/Kirby Right Back At Ya!/Episode 63 - Something to Sneeze At.mp4,h264,Constrained Baseline,640x480,640,480,1.2,25.0,25.0,yuv420p,False,OK,0,0,OK,NONE,No major warning was found by the current checks.
TV,/Volumes/Bag O Holdn/Videos (Project Nonsense)/TV/Kirby Right Back At Ya!/Episode 62 - Mabel Turns the Tables.mp4,h264,Constrained Baseline,640x480,640,480,1.22,25.0,25.0,yuv420p,False,OK,0,0,OK,NONE,No major warning was found by the current checks.
TV,/Volumes/Bag O Holdn/Videos (Project Nonsense)/TV/Kirby Right Back At Ya!/Episode 68 - Delivery Dilemma.mp4,h264,Constrained Baseline,640x480,640,480,1.21,25.0,25.0,yuv420p,False,OK,0,0,OK,NONE,No major warning was found by the current checks.
TV,/Volumes/Bag O Holdn/Videos (Project Nonsense)/TV/Kirby Right Back At Ya!/Episode 66 - The Chill Factor.mp4,h264,Constrained Baseline,640x480,640,480,1.22,25.0,25.0,yuv420p,False,OK,0,0,OK,NONE,No major warning was found by the current checks.
TV,/Volumes/Bag O Holdn/Videos (Project Nonsense)/TV/Kirby Right Back At Ya!/Episode 69 - Trick or Trek.mp4,h264,Constrained Baseline,640x480,640,480,1.22,25.0,25.0,yuv420p,False,OK,0,0,OK,NONE,No major warning was found by the current checks.
TV,/Volumes/Bag O Holdn/Videos (Project Nonsense)/TV/Kirby Right Back At Ya!/Episode 64 - The Kirby Quiz.mp4,h264,Constrained Baseline,640x480,640,480,1.21,25.0,25.0,yuv420p,False,OK,0,0,OK,NONE,No major warning was found by the current checks.
TV,/Volumes/Bag O Holdn/Videos (Project Nonsense)/TV/Kirby Right Back At Ya!/Episode 71  - Whale of a Tale.mp4,h264,Constrained Baseline,640x480,640,480,1.22,25.0,25.0,yuv420p,False,OK,0,0,OK,NONE,No major warning was found by the current checks.
TV,/Volumes/Bag O Holdn/Videos (Project Nonsense)/TV/Kirby Right Back At Ya!/Episode 72 - Waddle While You Work.mp4,h264,Constrained Baseline,640x480,640,480,1.21,25.0,25.0,yuv420p,False,OK,0,0,OK,NONE,No major warning was found by the current checks.
TV,/Volumes/Bag O Holdn/Videos (Project Nonsense)/TV/Kirby Right Back At Ya!/Episode 65 - Masher 2.0.mp4,h264,Constrained Baseline,640x480,640,480,1.22,25.0,25.0,yuv420p,False,OK,0,0,OK,NONE,No major warning was found by the current checks.
TV,/Volumes/Bag O Holdn/Videos (Project Nonsense)/TV/Kirby Right Back At Ya!/Episode 70 - Buccaneer Birdy.mp4,h264,Constrained Baseline,640x480,640,480,1.21,25.0,25.0,yuv420p,False,OK,0,0,OK,NONE,No major warning was found by the current checks.
TV,/Volumes/Bag O Holdn/Videos (Project Nonsense)/TV/Kirby Right Back At Ya!/Episode 13 [4Kids Ep. 29] - Cappy New Year.mp4,h264,Constrained Baseline,640x480,640,480,1.23,25.0,25.0,yuv420p,False,OK,0,0,OK,NONE,No major warning was found by the current checks.
TV,/Volumes/Bag O Holdn/Videos (Project Nonsense)/TV/Kirby Right Back At Ya!/Episode 36 [4Kids Ep. 33] - The Kirby Derby - Part 2.mp4,h264,Constrained Baseline,600x450,600,450,1.21,29.97,29.97,yuv420p,False,OK,0,0,OK,NONE,No major warning was found by the current checks.
TV,/Volumes/Bag O Holdn/Videos (Project Nonsense)/TV/Kirby Right Back At Ya!/Episode 37 [4Kids Ep. 35] - Watermelon Felon.mp4,h264,Constrained Baseline,600x450,600,450,1.21,29.97,29.97,yuv420p,False,OK,0,0,OK,NONE,No major warning was found by the current checks.
TV,/Volumes/Bag O Holdn/Videos (Project Nonsense)/TV/Kirby Right Back At Ya!/Episode 14 [4Kids Ep. 13] - The Pillow Case.mp4,h264,Constrained Baseline,640x480,640,480,1.22,25.0,25.0,yuv420p,False,OK,0,0,OK,NONE,No major warning was found by the current checks.
TV,/Volumes/Bag O Holdn/Videos (Project Nonsense)/TV/Kirby Right Back At Ya!/Episode 39 [4Kids Ep. 36] - Escar-Gone.mp4,h264,Constrained Baseline,600x450,600,450,1.21,29.97,29.97,yuv420p,False,OK,0,0,OK,NONE,No major warning was found by the current checks.
TV,/Volumes/Bag O Holdn/Videos (Project Nonsense)/TV/Kirby Right Back At Ya!/Episode 15 [4Kids Ep. 12] - Kirby_s Pet Peeve.mp4,h264,Constrained Baseline,600x450,600,450,1.21,29.97,29.97,yuv420p,False,OK,0,0,OK,NONE,No major warning was found by the current checks.
TV,/Volumes/Bag O Holdn/Videos (Project Nonsense)/TV/Kirby Right Back At Ya!/Episode 40 [4Kids Ep. 37] - Monster Management.mp4,h264,Constrained Baseline,600x450,600,450,1.2,29.97,29.97,yuv420p,False,OK,0,0,OK,NONE,No major warning was found by the current checks.
TV,/Volumes/Bag O Holdn/Videos (Project Nonsense)/TV/Kirby Right Back At Ya!/Episode 16 [4Kids Ep. 15] - A Fish Called Kine.mp4,h264,Constrained Baseline,600x450,600,450,1.21,29.97,29.97,yuv420p,False,OK,0,0,OK,NONE,No major warning was found by the current checks.
TV,/Volumes/Bag O Holdn/Videos (Project Nonsense)/TV/Kirby Right Back At Ya!/Episode 38 [4Kids Ep. 44] - A Novel Approach.mp4,h264,Constrained Baseline,640x480,640,480,1.18,29.97,29.97,yuv420p,False,OK,0,0,OK,NONE,No major warning was found by the current checks.
TV,/Volumes/Bag O Holdn/Videos (Project Nonsense)/TV/Kirby Right Back At Ya!/Episode 18 [4Kids Ep. 16] - Flower Power.mp4,h264,Constrained Baseline,600x450,600,450,1.21,29.97,29.97,yuv420p,False,OK,0,0,OK,NONE,No major warning was found by the current checks.
TV,/Volumes/Bag O Holdn/Videos (Project Nonsense)/TV/Kirby Right Back At Ya!/Episode 17 [4Kids Ep. 94] - The Thing About the Ring.mp4,h264,Constrained Baseline,600x450,600,450,1.21,29.97,29.97,yuv420p,False,OK,0,0,OK,NONE,No major warning was found by the current checks.
TV,/Volumes/Bag O Holdn/Videos (Project Nonsense)/TV/Kirby Right Back At Ya!/Episode 19 [4Kids Ep. 17] - Here Comes the Son.mp4,h264,Constrained Baseline,640x480,640,480,1.22,25.0,25.0,yuv420p,False,OK,0,0,OK,NONE,No major warning was found by the current checks.
TV,/Volumes/Bag O Holdn/Videos (Project Nonsense)/TV/Kirby Right Back At Ya!/Episode 41 [4Kids Ep. 38] - Prediction Predicament - Part 1.mp4,h264,Constrained Baseline,600x450,600,450,1.2,29.97,29.97,yuv420p,False,OK,0,0,OK,NONE,No major warning was found by the current checks.
TV,/Volumes/Bag O Holdn/Videos (Project Nonsense)/TV/Kirby Right Back At Ya!/Episode 42 [4Kids Ep. 39] - Prediction Predicament - Part 2.mp4,h264,Constrained Baseline,600x450,600,450,1.21,29.97,29.97,yuv420p,False,OK,0,0,OK,NONE,No major warning was found by the current checks.
TV,/Volumes/Bag O Holdn/Videos (Project Nonsense)/TV/Kirby Right Back At Ya!/Episode 43 [4Kids Ep. 40] - Sheepwrecked.mp4,h264,Constrained Baseline,600x450,600,450,1.2,29.97,29.97,yuv420p,False,OK,0,0,OK,NONE,No major warning was found by the current checks.
TV,/Volumes/Bag O Holdn/Videos (Project Nonsense)/TV/Kirby Right Back At Ya!/Episode 45 [4Kids Ep. 52] - Scare Tactics - Part 1.mp4,h264,Constrained Baseline,600x450,600,450,1.21,29.97,29.97,yuv420p,False,OK,0,0,OK,NONE,No major warning was found by the current checks.
TV,/Volumes/Bag O Holdn/Videos (Project Nonsense)/TV/Kirby Right Back At Ya!/Episode 44 [4Kids Ep. 41] - War of the Woods.mp4,h264,Constrained Baseline,600x450,600,450,1.2,29.97,29.97,yuv420p,False,OK,0,0,OK,NONE,No major warning was found by the current checks.
TV,/Volumes/Bag O Holdn/Videos (Project Nonsense)/TV/Kirby Right Back At Ya!/Episode 46 [4Kids Ep. 53] - Scare Tactics - Part 2.mp4,h264,Constrained Baseline,600x450,600,450,1.2,29.97,29.97,yuv420p,False,OK,0,0,OK,NONE,No major warning was found by the current checks.
TV,/Volumes/Bag O Holdn/Videos (Project Nonsense)/TV/Kirby Right Back At Ya!/Episode 47 [4Kids Ep. 42] - Pink Collar Blues.mp4,h264,Constrained Baseline,600x450,600,450,1.21,29.97,29.97,yuv420p,False,OK,0,0,OK,NONE,No major warning was found by the current checks.
TV,/Volumes/Bag O Holdn/Videos (Project Nonsense)/TV/Kirby Right Back At Ya!/Episode 48 [4Kids Ep. 43] - Tourist Trap.mp4,h264,Constrained Baseline,600x450,600,450,1.21,29.97,29.97,yuv420p,False,OK,0,0,OK,NONE,No major warning was found by the current checks.
TV,/Volumes/Bag O Holdn/Videos (Project Nonsense)/TV/Kirby Right Back At Ya!/Episode 49 [4Kids Ep. 47] - Cartoon Buffoon.mp4,h264,Constrained Baseline,600x450,600,450,1.21,29.97,29.97,yuv420p,False,OK,0,0,OK,NONE,No major warning was found by the current checks.
TV,/Volumes/Bag O Holdn/Videos (Project Nonsense)/TV/Kirby Right Back At Ya!/Episode 21 [4Kids Ep. 19] - A Princess in Dis-Dress.mp4,h264,Constrained Baseline,600x450,600,450,1.21,29.97,29.97,yuv420p,False,OK,0,0,OK,NONE,No major warning was found by the current checks.
TV,/Volumes/Bag O Holdn/Videos (Project Nonsense)/TV/Kirby Right Back At Ya!/Episode 20 [4Kids Ep. 18] - Dedede_s Snow Job.mp4,h264,Constrained Baseline,640x480,640,480,1.22,25.0,25.0,yuv420p,False,OK,0,0,OK,NONE,No major warning was found by the current checks.
TV,/Volumes/Bag O Holdn/Videos (Project Nonsense)/TV/Kirby Right Back At Ya!/Episode 22 [4Kids Ep. 20] - Island of the Lost Warrior.mp4,h264,Constrained Baseline,600x450,600,450,1.2,29.97,29.97,yuv420p,False,OK,0,0,OK,NONE,No major warning was found by the current checks.
TV,/Volumes/Bag O Holdn/Videos (Project Nonsense)/TV/Kirby Right Back At Ya!/Episode 23 [4Kids Ep. 21] - The Empty Nest Mess.mp4,h264,Constrained Baseline,600x450,600,450,1.21,29.97,29.97,yuv420p,False,OK,0,0,OK,NONE,No major warning was found by the current checks.
TV,/Volumes/Bag O Holdn/Videos (Project Nonsense)/TV/Kirby Right Back At Ya!/Episode 24 [4Kids Ep. 22] - Ninja Binge.mp4,h264,Constrained Baseline,600x450,600,450,1.21,29.97,29.97,yuv420p,False,OK,0,0,OK,NONE,No major warning was found by the current checks.
TV,"/Volumes/Bag O Holdn/Videos (Project Nonsense)/TV/Kirby Right Back At Ya!/Episode 25 [4Kids Ep. 23] - Like Mother, Like Snail.mp4",h264,Constrained Baseline,600x450,600,450,1.21,29.97,29.97,yuv420p,False,OK,0,0,OK,NONE,No major warning was found by the current checks.
TV,/Volumes/Bag O Holdn/Videos (Project Nonsense)/TV/Kirby Right Back At Ya!/Episode 26 [4Kids Ep. 24]  - Hour of the WolfWrath.mp4,h264,Constrained Baseline,640x480,640,480,1.21,29.97,29.97,yuv420p,False,OK,0,0,OK,NONE,No major warning was found by the current checks.
TV,/Volumes/Bag O Holdn/Videos (Project Nonsense)/TV/Kirby Right Back At Ya!/Episode 32 [4Kids Ep. 95] - A Dental Dilemma.mp4,h264,Constrained Baseline,600x450,600,450,1.22,29.97,29.97,yuv420p,False,OK,0,0,OK,NONE,No major warning was found by the current checks.
TV,/Volumes/Bag O Holdn/Videos (Project Nonsense)/TV/Kirby Right Back At Ya!/Episode 28 [4Kids Ep. 26] - Labor Daze.mp4,h264,Constrained Baseline,600x450,600,450,1.21,29.97,29.97,yuv420p,False,OK,0,0,OK,NONE,No major warning was found by the current checks.
TV,/Volumes/Bag O Holdn/Videos (Project Nonsense)/TV/Kirby Right Back At Ya!/Episode 12 [4Kids Ep. 14] - Escargoon Squad.mp4,h264,Constrained Baseline,640x480,640,480,1.22,25.0,25.0,yuv420p,False,OK,0,0,OK,NONE,No major warning was found by the current checks.
TV,/Volumes/Bag O Holdn/Videos (Project Nonsense)/TV/Kirby Right Back At Ya!/Episode 30 [4Kids Ep. 28] - Hatch Me if You Can.mp4,h264,Constrained Baseline,600x450,600,450,1.21,29.97,29.97,yuv420p,False,OK,0,0,OK,NONE,No major warning was found by the current checks.
TV,/Volumes/Bag O Holdn/Videos (Project Nonsense)/TV/Kirby Right Back At Ya!/Episode 33 [4Kids Ep. 31] - Junk Jam.mp4,h264,Constrained Baseline,600x450,600,450,1.2,29.97,29.97,yuv420p,False,OK,0,0,OK,NONE,No major warning was found by the current checks.
TV,/Volumes/Bag O Holdn/Videos (Project Nonsense)/TV/Kirby Right Back At Ya!/Episode 31 [4Kids Ep. 30] - Abusement Park.mp4,h264,Constrained Baseline,600x450,600,450,1.2,29.97,29.97,yuv420p,False,OK,0,0,OK,NONE,No major warning was found by the current checks.
TV,/Volumes/Bag O Holdn/Videos (Project Nonsense)/TV/Kirby Right Back At Ya!/Episode 27 [4Kids Ep. 25] - The Flower Plot.mp4,h264,Constrained Baseline,600x450,600,450,1.21,29.97,29.97,yuv420p,False,OK,0,0,OK,NONE,No major warning was found by the current checks.
TV,/Volumes/Bag O Holdn/Videos (Project Nonsense)/TV/Kirby Right Back At Ya!/Episode 35 [4Kids Ep. 32] - The Kirby Derby - Part 1.mp4,h264,Constrained Baseline,600x450,600,450,1.22,29.97,29.97,yuv420p,False,OK,0,0,OK,NONE,No major warning was found by the current checks.
TV,/Volumes/Bag O Holdn/Videos (Project Nonsense)/TV/Kirby Right Back At Ya!/Bonus Content!/5. Kirby Reanimated Collab.mp4,h264,Main,1280x720,1280,720,8.72,24.0,24.0,yuv420p,False,HIGH BITRATE H.264,1,65,MODERATE,HIGH BITRATE H.264,The H.264 bitrate is about 8.72 Mbps. This may be harder for the Pi to keep up with than your lower-bitrate files.
TV,/Volumes/Bag O Holdn/Videos (Project Nonsense)/TV/Kirby Right Back At Ya!/Bonus Content!/4. Kirby 3D.mp4,h264,Constrained Baseline,900x540,900,540,1.46,29.97,29.97,yuv420p,False,OK,0,0,OK,NONE,No major warning was found by the current checks.
TV,/Volumes/Bag O Holdn/Videos (Project Nonsense)/TV/Kirby Right Back At Ya!/Bonus Content!/3. The Fight for The Fox Box.mp4,vp9,Profile 0,1894x1440,1894,1440,3.17,29.97,29.97,yuv420p,False,HIGH RESOLUTION,1,90,VERY HIGH,HIGH RESOLUTION,"The file is 1894x1440, which is above 1080p. That is a heavy workload for a Raspberry Pi 3."
TV,/Volumes/Bag O Holdn/Videos (Project Nonsense)/TV/Kirby Right Back At Ya!/Bonus Content!/2. Kirby Nightmare in Dream Land Commercial.mp4,h264,Constrained Baseline,640x480,640,480,1.21,25.0,25.0,yuv420p,False,OK,0,0,OK,NONE,No major warning was found by the current checks.
TV,/Volumes/Bag O Holdn/Videos (Project Nonsense)/TV/Kirby Right Back At Ya!/Bonus Content!/1. Kirby of the Stars Pilot.mp4,h264,Constrained Baseline,640x480,640,480,1.18,29.97,29.97,yuv420p,False,OK,0,0,OK,NONE,No major warning was found by the current checks.
TV,/Volumes/Bag O Holdn/Videos (Project Nonsense)/TV/Murder Drones/Murder Drones- 1.mp4,h264,High,852x480,852,480,0.49,30.0,30.0,yuv420p,False,OK,0,0,OK,NONE,No major warning was found by the current checks.
TV,/Volumes/Bag O Holdn/Videos (Project Nonsense)/TV/Murder Drones/Murder Drones- 2.mp4,h264,High,852x480,852,480,0.47,30.0,30.0,yuv420p,False,OK,0,0,OK,NONE,No major warning was found by the current checks.
TV,/Volumes/Bag O Holdn/Videos (Project Nonsense)/TV/Murder Drones/Murder Drones- 3.mp4,h264,High,852x480,852,480,0.56,30.0,30.0,yuv420p,False,OK,0,0,OK,NONE,No major warning was found by the current checks.
TV,/Volumes/Bag O Holdn/Videos (Project Nonsense)/TV/Murder Drones/Murder Drones- 4.mp4,h264,High,852x480,852,480,0.59,30.0,30.0,yuv420p,False,OK,0,0,OK,NONE,No major warning was found by the current checks.
TV,/Volumes/Bag O Holdn/Videos (Project Nonsense)/TV/Murder Drones/Murder Drones- 5.mp4,h264,High,852x480,852,480,0.62,30.0,30.0,yuv420p,False,OK,0,0,OK,NONE,No major warning was found by the current checks.
TV,/Volumes/Bag O Holdn/Videos (Project Nonsense)/TV/Murder Drones/Murder Drones- 6.mp4,h264,High,852x480,852,480,0.54,30.0,30.0,yuv420p,False,OK,0,0,OK,NONE,No major warning was found by the current checks.
TV,/Volumes/Bag O Holdn/Videos (Project Nonsense)/TV/Murder Drones/Murder Drones- 7.mp4,h264,High,852x480,852,480,0.65,30.0,30.0,yuv420p,False,OK,0,0,OK,NONE,No major warning was found by the current checks.
TV,/Volumes/Bag O Holdn/Videos (Project Nonsense)/TV/Murder Drones/Murder Drones- 8.mp4,h264,High,852x480,852,480,0.65,30.0,30.0,yuv420p,False,OK,0,0,OK,NONE,No major warning was found by the current checks.
TV,/Volumes/Bag O Holdn/Videos (Project Nonsense)/TV/Murder Drones/MURDER DRONES - FIGHT TIL' I'M GOOD ENOUGH (ft. The Living Tombstone) [Official Music Video].mp4,h264,Main,638x360,638,360,0.5,30.0,30.0,yuv420p,False,OK,0,0,OK,NONE,No major warning was found by the current checks.
TV,/Volumes/Bag O Holdn/Videos (Project Nonsense)/TV/Murder Drones/Murder Drones but Wholesome.mp4,h264,High,1920x1080,1920,1080,2.71,23.976,23.976,yuv420p,False,OK,0,0,OK,NONE,No major warning was found by the current checks.
TV,/Volumes/Bag O Holdn/Videos (Project Nonsense)/TV/Murder Drones/Murder Drones- 4.5 Intermission A FAN EPISODE.mp4,h264,Main,640x360,640,360,0.27,24.0,24.0,yuv420p,False,OK,0,0,OK,NONE,No major warning was found by the current checks.
TV,/Volumes/Bag O Holdn/Videos (Project Nonsense)/TV/Murder Drones/Murder Drones Special - Meet J.mp4,h264,Main,640x360,640,360,0.38,30.0,30.0,yuv420p,False,OK,0,0,OK,NONE,No major warning was found by the current checks.
TV,/Volumes/Bag O Holdn/Videos (Project Nonsense)/TV/Owl House/Owl House Ep 1.mp4,h264,High,1280x720,1280,720,0.63,23.976,23.976,yuv420p,False,OK,0,0,OK,NONE,No major warning was found by the current checks.
TV,/Volumes/Bag O Holdn/Videos (Project Nonsense)/TV/Owl House/Owl House Ep 2.mp4,h264,High,1280x720,1280,720,0.71,23.976,23.976,yuv420p,False,OK,0,0,OK,NONE,No major warning was found by the current checks.
TV,/Volumes/Bag O Holdn/Videos (Project Nonsense)/TV/Owl House/Owl House Ep 3.mp4,h264,High,1280x720,1280,720,0.7,23.976,23.976,yuv420p,False,OK,0,0,OK,NONE,No major warning was found by the current checks.
TV,/Volumes/Bag O Holdn/Videos (Project Nonsense)/TV/Owl House/Owl House Ep 4.mp4,h264,High,1280x720,1280,720,0.71,23.976,23.976,yuv420p,False,OK,0,0,OK,NONE,No major warning was found by the current checks.
TV,/Volumes/Bag O Holdn/Videos (Project Nonsense)/TV/Owl House/Owl House Ep 5.mp4,h264,High,1280x720,1280,720,0.69,23.976,23.976,yuv420p,False,OK,0,0,OK,NONE,No major warning was found by the current checks.
TV,/Volumes/Bag O Holdn/Videos (Project Nonsense)/TV/Owl House/Owl House Ep 6.mp4,h264,High,640x360,640,360,0.23,47.952,47.952,yuv420p,False,HIGH FRAME RATE,1,75,HIGH,HIGH FRAME RATE,The video averages about 47.95 FPS. More frames per second means more work for the Pi.
TV,/Volumes/Bag O Holdn/Videos (Project Nonsense)/TV/Owl House/Owl House Ep 7.mp4,h264,High,1280x720,1280,720,0.68,23.976,23.976,yuv420p,False,OK,0,0,OK,NONE,No major warning was found by the current checks.
TV,/Volumes/Bag O Holdn/Videos (Project Nonsense)/TV/Owl House/Owl House Ep 8.mp4,h264,High,1280x720,1280,720,0.72,23.976,23.976,yuv420p,False,OK,0,0,OK,NONE,No major warning was found by the current checks.
TV,/Volumes/Bag O Holdn/Videos (Project Nonsense)/TV/Owl House/Owl House Ep 9.mp4,h264,High,1280x720,1280,720,0.64,23.976,23.976,yuv420p,False,OK,0,0,OK,NONE,No major warning was found by the current checks.
TV,/Volumes/Bag O Holdn/Videos (Project Nonsense)/TV/Owl House/Owl House Ep 10.mp4,h264,High,1280x720,1280,720,0.73,23.976,23.976,yuv420p,False,OK,0,0,OK,NONE,No major warning was found by the current checks.
TV,/Volumes/Bag O Holdn/Videos (Project Nonsense)/TV/Owl House/Owl House Ep 11.mp4,h264,High,1280x720,1280,720,0.67,23.976,23.976,yuv420p,False,OK,0,0,OK,NONE,No major warning was found by the current checks.
TV,/Volumes/Bag O Holdn/Videos (Project Nonsense)/TV/Owl House/Owl House Ep 12.mp4,h264,High,1280x720,1280,720,0.59,23.976,23.976,yuv420p,False,OK,0,0,OK,NONE,No major warning was found by the current checks.
TV,/Volumes/Bag O Holdn/Videos (Project Nonsense)/TV/Owl House/Owl House Ep 13.mp4,h264,High,1280x720,1280,720,0.64,23.976,23.976,yuv420p,False,OK,0,0,OK,NONE,No major warning was found by the current checks.
TV,/Volumes/Bag O Holdn/Videos (Project Nonsense)/TV/Owl House/Owl House Ep 14.mp4,h264,High,1280x720,1280,720,0.66,23.976,23.976,yuv420p,False,OK,0,0,OK,NONE,No major warning was found by the current checks.
TV,/Volumes/Bag O Holdn/Videos (Project Nonsense)/TV/Owl House/Owl House Ep 15.mp4,h264,High,1280x720,1280,720,0.62,23.976,23.976,yuv420p,False,OK,0,0,OK,NONE,No major warning was found by the current checks.
TV,/Volumes/Bag O Holdn/Videos (Project Nonsense)/TV/Owl House/Owl House Ep 16.mp4,h264,High,1280x720,1280,720,0.66,23.976,23.976,yuv420p,False,OK,0,0,OK,NONE,No major warning was found by the current checks.
TV,/Volumes/Bag O Holdn/Videos (Project Nonsense)/TV/Owl House/Owl House Ep 17.mp4,h264,High,1280x720,1280,720,0.73,23.976,23.976,yuv420p,False,OK,0,0,OK,NONE,No major warning was found by the current checks.
TV,/Volumes/Bag O Holdn/Videos (Project Nonsense)/TV/Owl House/Owl House Ep 18.mp4,h264,High,1280x720,1280,720,0.64,23.976,23.976,yuv420p,False,OK,0,0,OK,NONE,No major warning was found by the current checks.
TV,/Volumes/Bag O Holdn/Videos (Project Nonsense)/TV/Owl House/Owl House Ep 19.mp4,h264,High,1280x720,1280,720,0.67,23.976,23.976,yuv420p,False,OK,0,0,OK,NONE,No major warning was found by the current checks.
TV,/Volumes/Bag O Holdn/Videos (Project Nonsense)/TV/Owl House/Owl House S2 Ep 1.mp4,h264,High,1280x720,1280,720,0.72,23.976,23.976,yuv420p,False,OK,0,0,OK,NONE,No major warning was found by the current checks.
TV,/Volumes/Bag O Holdn/Videos (Project Nonsense)/TV/Owl House/Owl House S2 Ep 2.mp4,h264,High,1280x720,1280,720,0.62,23.976,23.976,yuv420p,False,OK,0,0,OK,NONE,No major warning was found by the current checks.
TV,/Volumes/Bag O Holdn/Videos (Project Nonsense)/TV/Owl House/Owl House S2 Ep 3.mp4,h264,High,1280x720,1280,720,0.66,23.976,23.976,yuv420p,False,OK,0,0,OK,NONE,No major warning was found by the current checks.
TV,/Volumes/Bag O Holdn/Videos (Project Nonsense)/TV/Owl House/Owl House S2 Ep 4.mp4,h264,High,1280x720,1280,720,0.72,23.976,23.976,yuv420p,False,OK,0,0,OK,NONE,No major warning was found by the current checks.
TV,/Volumes/Bag O Holdn/Videos (Project Nonsense)/TV/Owl House/Owl House S2 Ep 5.mp4,h264,High,1280x720,1280,720,0.68,23.976,23.976,yuv420p,False,OK,0,0,OK,NONE,No major warning was found by the current checks.
TV,/Volumes/Bag O Holdn/Videos (Project Nonsense)/TV/Owl House/Owl House S2 Ep 6.mp4,h264,High,1280x720,1280,720,0.68,23.976,23.976,yuv420p,False,OK,0,0,OK,NONE,No major warning was found by the current checks.
TV,/Volumes/Bag O Holdn/Videos (Project Nonsense)/TV/Owl House/Owl House S2 Ep 7.mp4,h264,High,1280x720,1280,720,0.71,23.976,23.976,yuv420p,False,OK,0,0,OK,NONE,No major warning was found by the current checks.
TV,/Volumes/Bag O Holdn/Videos (Project Nonsense)/TV/Owl House/Owl House S2 Ep 8.mp4,h264,High,1280x720,1280,720,0.64,23.976,23.976,yuv420p,False,OK,0,0,OK,NONE,No major warning was found by the current checks.
TV,/Volumes/Bag O Holdn/Videos (Project Nonsense)/TV/Owl House/Owl House S2 Ep 9.mp4,h264,High,1280x720,1280,720,0.66,23.976,23.976,yuv420p,False,OK,0,0,OK,NONE,No major warning was found by the current checks.
TV,/Volumes/Bag O Holdn/Videos (Project Nonsense)/TV/Owl House/Owl House S2 Ep 11.mp4,h264,High,1280x720,1280,720,0.65,23.976,23.976,yuv420p,False,OK,0,0,OK,NONE,No major warning was found by the current checks.
TV,/Volumes/Bag O Holdn/Videos (Project Nonsense)/TV/Owl House/Owl House S2 Ep 12.mp4,h264,High,1280x720,1280,720,0.59,23.976,23.976,yuv420p,False,OK,0,0,OK,NONE,No major warning was found by the current checks.
TV,/Volumes/Bag O Holdn/Videos (Project Nonsense)/TV/Owl House/Owl House S2 Ep 13.mp4,h264,High,1280x720,1280,720,0.68,23.976,23.976,yuv420p,False,OK,0,0,OK,NONE,No major warning was found by the current checks.
TV,/Volumes/Bag O Holdn/Videos (Project Nonsense)/TV/Owl House/Owl House S2 Ep 14.mp4,h264,High,1280x720,1280,720,0.69,23.976,23.976,yuv420p,False,OK,0,0,OK,NONE,No major warning was found by the current checks.
TV,/Volumes/Bag O Holdn/Videos (Project Nonsense)/TV/Owl House/Owl House S2 Ep 15.mp4,h264,High,1280x720,1280,720,0.63,23.976,23.976,yuv420p,False,OK,0,0,OK,NONE,No major warning was found by the current checks.
TV,/Volumes/Bag O Holdn/Videos (Project Nonsense)/TV/Owl House/Owl House S2 Ep 16.mp4,h264,High,1280x720,1280,720,0.65,23.976,23.976,yuv420p,False,OK,0,0,OK,NONE,No major warning was found by the current checks.
TV,/Volumes/Bag O Holdn/Videos (Project Nonsense)/TV/Owl House/Owl House S2 Ep 17.mp4,h264,High,1280x720,1280,720,0.59,23.976,23.976,yuv420p,False,OK,0,0,OK,NONE,No major warning was found by the current checks.
TV,/Volumes/Bag O Holdn/Videos (Project Nonsense)/TV/Owl House/Owl House S2 Ep 18.mp4,h264,High,1280x720,1280,720,0.65,23.976,23.976,yuv420p,False,OK,0,0,OK,NONE,No major warning was found by the current checks.
TV,/Volumes/Bag O Holdn/Videos (Project Nonsense)/TV/Owl House/Owl House S2 Ep 19.mp4,h264,High,1280x720,1280,720,0.56,23.976,23.976,yuv420p,False,OK,0,0,OK,NONE,No major warning was found by the current checks.
TV,/Volumes/Bag O Holdn/Videos (Project Nonsense)/TV/Owl House/Owl House S2 Ep 20.mp4,h264,High,1280x720,1280,720,0.56,23.976,23.976,yuv420p,False,OK,0,0,OK,NONE,No major warning was found by the current checks.
TV,/Volumes/Bag O Holdn/Videos (Project Nonsense)/TV/Owl House/Owl House S2 Ep 21.mp4,h264,High,1280x720,1280,720,0.6,23.976,23.976,yuv420p,False,OK,0,0,OK,NONE,No major warning was found by the current checks.
TV,/Volumes/Bag O Holdn/Videos (Project Nonsense)/TV/Owl House/Owl House S3 Ep 1.mp4,h264,High,1280x720,1280,720,0.57,23.976,23.976,yuv420p,False,OK,0,0,OK,NONE,No major warning was found by the current checks.
TV,/Volumes/Bag O Holdn/Videos (Project Nonsense)/TV/Owl House/Owl House S3 Ep 2.mp4,h264,High,1280x720,1280,720,0.61,23.976,23.976,yuv420p,False,OK,0,0,OK,NONE,No major warning was found by the current checks.
TV,/Volumes/Bag O Holdn/Videos (Project Nonsense)/TV/Owl House/Owl House S3 Ep 3.mp4,h264,High,1280x720,1280,720,0.7,23.976,23.976,yuv420p,False,OK,0,0,OK,NONE,No major warning was found by the current checks.
TV,/Volumes/Bag O Holdn/Videos (Project Nonsense)/TV/Phineas and Ferb/Phineas and Ferb Season 3 Episode 57 – Ferb TV.mp4,h264,High,1280x720,1280,720,0.74,23.976,23.976,yuv420p,False,OK,0,0,OK,NONE,No major warning was found by the current checks.
TV,/Volumes/Bag O Holdn/Videos (Project Nonsense)/TV/Phineas and Ferb/Phineas and Ferb Season 3 Episode 44 – The Mom Attractor.mp4,h264,High,1280x720,1280,720,0.61,23.976,23.976,yuv420p,False,OK,0,0,OK,NONE,No major warning was found by the current checks.
TV,/Volumes/Bag O Holdn/Videos (Project Nonsense)/TV/Phineas and Ferb/Phineas and Ferb Season 3 Episode 54 – Norm Unleashed.mp4,h264,High,1280x720,1280,720,0.5,23.976,23.976,yuv420p,False,OK,0,0,OK,NONE,No major warning was found by the current checks.
TV,/Volumes/Bag O Holdn/Videos (Project Nonsense)/TV/Phineas and Ferb/Phineas and Ferb Season 4 Episode 38 – The Klimpaloon Ultimatum.mp4,h264,High,1280x720,1280,720,0.57,23.976,23.976,yuv420p,False,OK,0,0,OK,NONE,No major warning was found by the current checks.
TV,/Volumes/Bag O Holdn/Videos (Project Nonsense)/TV/Phineas and Ferb/Phineas and Ferb Season 2 Episode 08 – Thaddeus and Thor – De Plane! De Plane!.mp4,h264,High,1280x720,1280,720,0.53,23.976,23.976,yuv420p,False,OK,0,0,OK,NONE,No major warning was found by the current checks.
TV,/Volumes/Bag O Holdn/Videos (Project Nonsense)/TV/Phineas and Ferb/Phineas and Ferb Season 4 Episode 02 – Happy New Year!.mp4,h264,High,1280x720,1280,720,0.64,23.976,23.976,yuv420p,False,OK,0,0,OK,NONE,No major warning was found by the current checks.
TV,/Volumes/Bag O Holdn/Videos (Project Nonsense)/TV/Phineas and Ferb/Phineas and Ferb Season 2 Episode 15 – Bubble Boys – Isabella and the Temple of Sap.mp4,h264,High,1280x720,1280,720,0.52,23.976,23.976,yuv420p,False,OK,0,0,OK,NONE,No major warning was found by the current checks.
TV,/Volumes/Bag O Holdn/Videos (Project Nonsense)/TV/Phineas and Ferb/Phineas and Ferb Season 3 Episode 07 – Moon Farm.mp4,h264,High,1280x720,1280,720,0.42,23.976,23.976,yuv420p,False,OK,0,0,OK,NONE,No major warning was found by the current checks.
TV,/Volumes/Bag O Holdn/Videos (Project Nonsense)/TV/Phineas and Ferb/Phineas and Ferb Season 3 Episode 53 – Doofapus.mp4,h264,High,1280x720,1280,720,0.53,23.976,23.976,yuv420p,False,OK,0,0,OK,NONE,No major warning was found by the current checks.
TV,/Volumes/Bag O Holdn/Videos (Project Nonsense)/TV/Phineas and Ferb/Phineas and Ferb Season 3 Episode 30 – Excaliferb.mp4,h264,High,1280x720,1280,720,0.98,23.976,23.976,yuv420p,False,OK,0,0,OK,NONE,No major warning was found by the current checks.
TV,/Volumes/Bag O Holdn/Videos (Project Nonsense)/TV/Phineas and Ferb/Phineas and Ferb Season 4 Episode 18 – La Candace-Cabra.mp4,h264,High,1280x720,1280,720,0.63,23.976,23.976,yuv420p,False,OK,0,0,OK,NONE,No major warning was found by the current checks.
TV,/Volumes/Bag O Holdn/Videos (Project Nonsense)/TV/Phineas and Ferb/Phineas and Ferb Season 4 Episode 10 – Backyard Hodge Podge.mp4,h264,High,1280x720,1280,720,0.48,23.976,23.976,yuv420p,False,OK,0,0,OK,NONE,No major warning was found by the current checks.
TV,"/Volumes/Bag O Holdn/Videos (Project Nonsense)/TV/Phineas and Ferb/Phineas and Ferb Episode 14 – Dude, We’re Getting the Band Back Together.mp4",h264,High,1280x720,1280,720,0.65,23.976,23.976,yuv420p,False,OK,0,0,OK,NONE,No major warning was found by the current checks.
TV,/Volumes/Bag O Holdn/Videos (Project Nonsense)/TV/Phineas and Ferb/Phineas and Ferb Season 2 Episode 05 – Don’t Even Blink – Chez Platypus.mp4,h264,High,1280x720,1280,720,0.52,23.976,23.976,yuv420p,False,OK,0,0,OK,NONE,No major warning was found by the current checks.
TV,/Volumes/Bag O Holdn/Videos (Project Nonsense)/TV/Phineas and Ferb/Phineas and Ferb Season 4 Episode 04 – Bully Bust.mp4,h264,High,1280x720,1280,720,0.51,23.976,23.976,yuv420p,False,OK,0,0,OK,NONE,No major warning was found by the current checks.
TV,/Volumes/Bag O Holdn/Videos (Project Nonsense)/TV/Phineas and Ferb/Phineas and Ferb Season 4 Episode 47 – Act Your Age.mp4,h264,High,1280x720,1280,720,0.46,23.976,23.976,yuv420p,False,OK,0,0,OK,NONE,No major warning was found by the current checks.
TV,/Volumes/Bag O Holdn/Videos (Project Nonsense)/TV/Phineas and Ferb/Phineas and Ferb Episode 11 – Mom’s Birthday – Journey to the Center of Candace.mp4,h264,High,1280x720,1280,720,0.51,23.976,23.976,yuv420p,False,OK,0,0,OK,NONE,No major warning was found by the current checks.
TV,/Volumes/Bag O Holdn/Videos (Project Nonsense)/TV/Phineas and Ferb/Phineas and Ferb Season 2 Episode 12 – The Baljeatles Vanessassary Roughness.mp4,h264,High,1280x720,1280,720,0.6,23.976,23.976,yuv420p,False,OK,0,0,OK,NONE,No major warning was found by the current checks.
TV,/Volumes/Bag O Holdn/Videos (Project Nonsense)/TV/Phineas and Ferb/Phineas and Ferb Season 3 Episode 21 – Bullseye!.mp4,h264,High,1280x720,1280,720,0.62,23.976,23.976,yuv420p,False,OK,0,0,OK,NONE,No major warning was found by the current checks.
TV,/Volumes/Bag O Holdn/Videos (Project Nonsense)/TV/Phineas and Ferb/Phineas and Ferb Episode 03 – The Magnificent Few – S’Winter.mp4,h264,High,1280x720,1280,720,0.73,23.976,23.976,yuv420p,False,OK,0,0,OK,NONE,No major warning was found by the current checks.
TV,/Volumes/Bag O Holdn/Videos (Project Nonsense)/TV/Phineas and Ferb/Phineas and Ferb Season 3 Episode 45 – Cranius Maximus.mp4,h264,High,1280x720,1280,720,0.7,23.976,23.976,yuv420p,False,OK,0,0,OK,NONE,No major warning was found by the current checks.
TV,/Volumes/Bag O Holdn/Videos (Project Nonsense)/TV/Phineas and Ferb/Phineas and Ferb Season 3 Episode 40 – The Doonkelberry Imperative.mp4,h264,High,1280x720,1280,720,0.67,23.976,23.976,yuv420p,False,OK,0,0,OK,NONE,No major warning was found by the current checks.
TV,/Volumes/Bag O Holdn/Videos (Project Nonsense)/TV/Phineas and Ferb/Phineas and Ferb Season 2 Episode 11 – Hide and Seek – That Sinking Feeling.mp4,h264,High,1280x720,1280,720,0.52,23.976,23.976,yuv420p,False,OK,0,0,OK,NONE,No major warning was found by the current checks.
TV,/Volumes/Bag O Holdn/Videos (Project Nonsense)/TV/Phineas and Ferb/Phineas and Ferb Season 2 Episode 14 – Phineas and Ferb’s Quantum Boogaloo – Musical Cliptastic Countdown.mp4,h264,High,1280x720,1280,720,0.49,23.976,23.976,yuv420p,False,OK,0,0,OK,NONE,No major warning was found by the current checks.
TV,/Volumes/Bag O Holdn/Videos (Project Nonsense)/TV/Phineas and Ferb/Phineas and Ferb Season 3 Episode 14 – Phineas and Ferb Interrupted.mp4,h264,High,1280x720,1280,720,0.54,23.976,23.976,yuv420p,False,OK,0,0,OK,NONE,No major warning was found by the current checks.
TV,/Volumes/Bag O Holdn/Videos (Project Nonsense)/TV/Phineas and Ferb/Phineas and Ferb Season 4 Episode 08 – Primal Perry.mp4,h264,High,1280x720,1280,720,0.75,23.976,23.976,yuv420p,False,OK,0,0,OK,NONE,No major warning was found by the current checks.
TV,/Volumes/Bag O Holdn/Videos (Project Nonsense)/TV/Phineas and Ferb/Phineas and Ferb Season 3 Episode 56 – Where’s Perry (Part Two).mp4,h264,High,1280x720,1280,720,0.67,23.976,23.976,yuv420p,False,OK,0,0,OK,NONE,No major warning was found by the current checks.
TV,/Volumes/Bag O Holdn/Videos (Project Nonsense)/TV/Phineas and Ferb/Phineas and Ferb Episode 25 – Got Game – Comet Kermillian.mp4,h264,High,1280x720,1280,720,0.54,23.976,23.976,yuv420p,False,OK,0,0,OK,NONE,No major warning was found by the current checks.
TV,/Volumes/Bag O Holdn/Videos (Project Nonsense)/TV/Phineas and Ferb/Phineas and Ferb Episode 16 – Phineas and Ferb Get Busted.mp4,h264,High,1280x720,1280,720,0.49,23.976,23.976,yuv420p,False,OK,0,0,OK,NONE,No major warning was found by the current checks.
TV,/Volumes/Bag O Holdn/Videos (Project Nonsense)/TV/Phineas and Ferb/Phineas and Ferb Season 3 Episode 51 – Sipping with the Enemy.mp4,h264,High,1280x720,1280,720,0.55,23.976,23.976,yuv420p,False,OK,0,0,OK,NONE,No major warning was found by the current checks.
TV,/Volumes/Bag O Holdn/Videos (Project Nonsense)/TV/Phineas and Ferb/Phineas and Ferb Season 4 Episode 39 – Operation Crumb Cake.mp4,h264,High,1280x720,1280,720,0.58,23.976,23.976,yuv420p,False,OK,0,0,OK,NONE,No major warning was found by the current checks.
TV,/Volumes/Bag O Holdn/Videos (Project Nonsense)/TV/Phineas and Ferb/Phineas and Ferb Season 2 Episode 28 – She’s the Mayor – The Lemonade Stand.mp4,h264,High,1280x720,1280,720,0.46,23.976,23.976,yuv420p,False,OK,0,0,OK,NONE,No major warning was found by the current checks.
TV,/Volumes/Bag O Holdn/Videos (Project Nonsense)/TV/Phineas and Ferb/Phineas and Ferb Season 3 Episode 31 – Phineas and Ferb and the Temple of Juatchadoon.mp4,h264,High,1280x720,1280,720,0.8,23.976,23.976,yuv420p,False,OK,0,0,OK,NONE,No major warning was found by the current checks.
TV,/Volumes/Bag O Holdn/Videos (Project Nonsense)/TV/Phineas and Ferb/Phineas and Ferb Season 4 Episode 33 – Phineas and Ferb Save Summer.mp4,h264,High,1280x720,1280,720,0.61,23.976,23.976,yuv420p,False,OK,0,0,OK,NONE,No major warning was found by the current checks.
TV,/Volumes/Bag O Holdn/Videos (Project Nonsense)/TV/Phineas and Ferb/Phineas and Ferb Season 3 Episode 52 – Tri-State Treasure Boot of Secrets.mp4,h264,High,1280x720,1280,720,0.62,23.976,23.976,yuv420p,False,OK,0,0,OK,NONE,No major warning was found by the current checks.
TV,/Volumes/Bag O Holdn/Videos (Project Nonsense)/TV/Phineas and Ferb/Phineas and Ferb Season 3 Episode 36 – Perry the Actorpus.mp4,h264,High,1280x720,1280,720,0.58,23.976,23.976,yuv420p,False,OK,0,0,OK,NONE,No major warning was found by the current checks.
TV,/Volumes/Bag O Holdn/Videos (Project Nonsense)/TV/Phineas and Ferb/Phineas and Ferb Season 2 Episode 04 – Day of the Living Gelatin – Elementary My Dear Stacy.mp4,h264,High,1280x720,1280,720,0.58,23.976,23.976,yuv420p,False,OK,0,0,OK,NONE,No major warning was found by the current checks.
TV,/Volumes/Bag O Holdn/Videos (Project Nonsense)/TV/Phineas and Ferb/Phineas and Ferb Season 3 Episode 32 – Monster from the Id.mp4,h264,High,1280x720,1280,720,0.92,23.976,23.976,yuv420p,False,OK,0,0,OK,NONE,No major warning was found by the current checks.
TV,/Volumes/Bag O Holdn/Videos (Project Nonsense)/TV/Phineas and Ferb/Phineas and Ferb Season 3 Episode 55 – Where’s Perry.mp4,h264,High,1280x720,1280,720,0.59,23.976,23.976,yuv420p,False,OK,0,0,OK,NONE,No major warning was found by the current checks.
TV,/Volumes/Bag O Holdn/Videos (Project Nonsense)/TV/Phineas and Ferb/Phineas and Ferb Season 4 Episode 24 – Troy Story.mp4,h264,High,1280x720,1280,720,0.55,23.976,23.976,yuv420p,False,OK,0,0,OK,NONE,No major warning was found by the current checks.
TV,/Volumes/Bag O Holdn/Videos (Project Nonsense)/TV/Phineas and Ferb/Phineas and Ferb Season 4 Episode 11 – Bee Day.mp4,h264,High,1280x720,1280,720,0.7,23.976,23.976,yuv420p,False,OK,0,0,OK,NONE,No major warning was found by the current checks.
TV,/Volumes/Bag O Holdn/Videos (Project Nonsense)/TV/Phineas and Ferb/Phineas and Ferb Season 3 Episode 61 – This Is Your Backstory.mp4,h264,High,1280x720,1280,720,0.54,23.976,23.976,yuv420p,False,OK,0,0,OK,NONE,No major warning was found by the current checks.
TV,/Volumes/Bag O Holdn/Videos (Project Nonsense)/TV/Phineas and Ferb/Phineas and Ferb Season 2 Episode 30 – Phineas and Ferb Summer Belongs to You!.mp4,h264,High,1280x720,1280,720,0.64,23.976,23.976,yuv420p,False,OK,0,0,OK,NONE,No major warning was found by the current checks.
TV,/Volumes/Bag O Holdn/Videos (Project Nonsense)/TV/Phineas and Ferb/Phineas and Ferb Season 2 Episode 13 – No More Bunny Business  Spa Day.mp4,h264,High,1280x720,1280,720,0.51,23.976,23.976,yuv420p,False,OK,0,0,OK,NONE,No major warning was found by the current checks.
TV,/Volumes/Bag O Holdn/Videos (Project Nonsense)/TV/Phineas and Ferb/Phineas and Ferb Season 4 Episode 30 – Just Our Luck.mp4,h264,High,1280x720,1280,720,0.54,23.976,23.976,yuv420p,False,OK,0,0,OK,NONE,No major warning was found by the current checks.
TV,/Volumes/Bag O Holdn/Videos (Project Nonsense)/TV/Phineas and Ferb/Phineas and Ferb Season 2 Episode 01 – The Lake Nose Monster.mp4,h264,High,1280x720,1280,720,0.75,23.976,23.976,yuv420p,False,OK,0,0,OK,NONE,No major warning was found by the current checks.
TV,/Volumes/Bag O Holdn/Videos (Project Nonsense)/TV/Phineas and Ferb/Phineas and Ferb Season 3 Episode 62 – Blackout!.mp4,h264,High,1280x720,1280,720,0.26,23.976,23.976,yuv420p,False,OK,0,0,OK,NONE,No major warning was found by the current checks.
TV,/Volumes/Bag O Holdn/Videos (Project Nonsense)/TV/Phineas and Ferb/Phineas and Ferb Season 3 Episode 43 – Buford Confidential.mp4,h264,High,1280x720,1280,720,0.61,23.976,23.976,yuv420p,False,OK,0,0,OK,NONE,No major warning was found by the current checks.
TV,/Volumes/Bag O Holdn/Videos (Project Nonsense)/TV/Phineas and Ferb/Phineas and Ferb Season 4 Episode 41 – Phineas and Ferb Star Wars.mp4,h264,High,1280x720,1280,720,0.69,23.976,23.976,yuv420p,False,OK,0,0,OK,NONE,No major warning was found by the current checks.
TV,/Volumes/Bag O Holdn/Videos (Project Nonsense)/TV/Phineas and Ferb/Phineas and Ferb Season 2 Episode 31 – Nerds of a Feather.mp4,h264,High,1280x720,1280,720,0.61,23.976,23.976,yuv420p,False,OK,0,0,OK,NONE,No major warning was found by the current checks.
TV,/Volumes/Bag O Holdn/Videos (Project Nonsense)/TV/Phineas and Ferb/Phineas and Ferb O.W.C.A. Files.mp4,h264,High,1280x720,1280,720,0.66,23.976,23.976,yuv420p,False,OK,0,0,OK,NONE,No major warning was found by the current checks.
TV,/Volumes/Bag O Holdn/Videos (Project Nonsense)/TV/Phineas and Ferb/Phineas and Ferb Season 4 Episode 29 – Steampunx.mp4,h264,High,1280x720,1280,720,0.7,23.976,23.976,yuv420p,False,OK,0,0,OK,NONE,No major warning was found by the current checks.
TV,/Volumes/Bag O Holdn/Videos (Project Nonsense)/TV/Phineas and Ferb/Phineas and Ferb Season 3 Episode 23 – The Curse of Candace.mp4,h264,High,1280x720,1280,720,0.47,23.976,23.976,yuv420p,False,OK,0,0,OK,NONE,No major warning was found by the current checks.
TV,/Volumes/Bag O Holdn/Videos (Project Nonsense)/TV/Phineas and Ferb/Phineas and Ferb Episode 08 – Jerk de Soleil – Toy to the World.mp4,h264,High,1280x720,1280,720,0.51,23.976,23.976,yuv420p,False,OK,0,0,OK,NONE,No major warning was found by the current checks.
TV,/Volumes/Bag O Holdn/Videos (Project Nonsense)/TV/Phineas and Ferb/Phineas and Ferb Season 2 Episode 35 – Split Personality Brain.mp4,h264,High,1280x720,1280,720,0.61,23.976,23.976,yuv420p,False,OK,0,0,OK,NONE,No major warning was found by the current checks.
TV,/Volumes/Bag O Holdn/Videos (Project Nonsense)/TV/Phineas and Ferb/Phineas and Ferb Season 3 Episode 34 – The Remains of the Platypus.mp4,h264,High,1280x720,1280,720,0.81,23.976,23.976,yuv420p,False,OK,0,0,OK,NONE,No major warning was found by the current checks.
TV,/Volumes/Bag O Holdn/Videos (Project Nonsense)/TV/Phineas and Ferb/Phineas and Ferb Season 4 Episode 23 – Thanks But No Thanks.mp4,h264,High,1280x720,1280,720,0.57,23.976,23.976,yuv420p,False,OK,0,0,OK,NONE,No major warning was found by the current checks.
TV,/Volumes/Bag O Holdn/Videos (Project Nonsense)/TV/Phineas and Ferb/Phineas and Ferb Season 4 Episode 42 – Lost in Danville.mp4,h264,High,1280x720,1280,720,0.54,23.976,23.976,yuv420p,False,OK,0,0,OK,NONE,No major warning was found by the current checks.
TV,/Volumes/Bag O Holdn/Videos (Project Nonsense)/TV/Phineas and Ferb/Phineas and Ferb Season 2 Episode 25 – Not Phineas and Ferb – Phineas and Ferb-Busters.mp4,h264,High,1280x720,1280,720,0.45,23.976,23.976,yuv420p,False,OK,0,0,OK,NONE,No major warning was found by the current checks.
TV,/Volumes/Bag O Holdn/Videos (Project Nonsense)/TV/Phineas and Ferb/Phineas and Ferb Season 2 Episode 20 – Phineas and Ferb Christmas Vacation.mp4,h264,High,1280x720,1280,720,0.54,23.976,23.976,yuv420p,False,OK,0,0,OK,NONE,No major warning was found by the current checks.
TV,/Volumes/Bag O Holdn/Videos (Project Nonsense)/TV/Phineas and Ferb/Phineas and Ferb Season 3 Episode 49 – Sleepwalk Surprise.mp4,h264,High,1280x720,1280,720,0.55,23.976,23.976,yuv420p,False,OK,0,0,OK,NONE,No major warning was found by the current checks.
TV,/Volumes/Bag O Holdn/Videos (Project Nonsense)/TV/Phineas and Ferb/Phineas and Ferb Episode 01 – Rollercoaster – Candace Loses Her Head.mp4,h264,High,1280x720,1280,720,0.6,23.976,23.976,yuv420p,False,OK,0,0,OK,NONE,No major warning was found by the current checks.
TV,/Volumes/Bag O Holdn/Videos (Project Nonsense)/TV/Phineas and Ferb/Phineas and Ferb Season 3 Episode 09 – Misperceived Monotreme.mp4,h264,High,1280x720,1280,720,0.57,23.976,23.976,yuv420p,False,OK,0,0,OK,NONE,No major warning was found by the current checks.
TV,/Volumes/Bag O Holdn/Videos (Project Nonsense)/TV/Phineas and Ferb/Phineas and Ferb Season 3 Episode 04 – Last Train to Bustville.mp4,h264,High,1280x720,1280,720,0.66,23.976,23.976,yuv420p,False,OK,0,0,OK,NONE,No major warning was found by the current checks.
TV,"/Volumes/Bag O Holdn/Videos (Project Nonsense)/TV/Phineas and Ferb/Phineas and Ferb Season 2 Episode 10 – Oh, There You Are, Perry – Swiss Family Phineas.mp4",h264,High,1280x720,1280,720,0.62,23.976,23.976,yuv420p,False,OK,0,0,OK,NONE,No major warning was found by the current checks.
TV,/Volumes/Bag O Holdn/Videos (Project Nonsense)/TV/Phineas and Ferb/Phineas and Ferb Season 4 Episode 13 – Great Balls Of Water.mp4,h264,High,1280x720,1280,720,0.63,23.976,23.976,yuv420p,False,OK,0,0,OK,NONE,No major warning was found by the current checks.
TV,/Volumes/Bag O Holdn/Videos (Project Nonsense)/TV/Phineas and Ferb/Phineas and Ferb Season 2 Episode 06 – Perry Lays an Egg – Gaming the System.mp4,h264,High,1280x720,1280,720,0.59,23.976,23.976,yuv420p,False,OK,0,0,OK,NONE,No major warning was found by the current checks.
TV,/Volumes/Bag O Holdn/Videos (Project Nonsense)/TV/Phineas and Ferb/Phineas and Ferb Season 2 Episode 18 – Picture This – Nerdy Dancin.mp4,h264,High,1280x720,1280,720,0.53,23.976,23.976,yuv420p,False,OK,0,0,OK,NONE,No major warning was found by the current checks.
TV,/Volumes/Bag O Holdn/Videos (Project Nonsense)/TV/Phineas and Ferb/Phineas and Ferb Season 4 Episode 45 – Tales from the Resistance Back to the 2nd Dimension.mp4,h264,High,1280x720,1280,720,0.59,23.976,23.976,yuv420p,False,OK,0,0,OK,NONE,No major warning was found by the current checks.
TV,/Volumes/Bag O Holdn/Videos (Project Nonsense)/TV/Phineas and Ferb/Phineas and Ferb Episode 04 – Are You My Mummy – Flop Starz.mp4,h264,High,1280x720,1280,720,0.61,23.976,23.976,yuv420p,False,OK,0,0,OK,NONE,No major warning was found by the current checks.
TV,/Volumes/Bag O Holdn/Videos (Project Nonsense)/TV/Phineas and Ferb/Phineas and Ferb Season 4 Episode 05 – My Sweet Ride.mp4,h264,High,1280x720,1280,720,0.6,23.976,23.976,yuv420p,False,OK,0,0,OK,NONE,No major warning was found by the current checks.
TV,/Volumes/Bag O Holdn/Videos (Project Nonsense)/TV/Phineas and Ferb/Phineas and Ferb Season 4 Episode 22 – Phineas and Ferb Mission Marvel.mp4,h264,High,1280x720,1280,720,0.76,23.976,23.976,yuv420p,False,OK,0,0,OK,NONE,No major warning was found by the current checks.
TV,/Volumes/Bag O Holdn/Videos (Project Nonsense)/TV/Phineas and Ferb/Phineas and Ferb Season 2 Episode 22 – I Was a Middle Aged Robot – Suddenly Suzy.mp4,h264,High,1280x720,1280,720,0.55,23.976,23.976,yuv420p,False,OK,0,0,OK,NONE,No major warning was found by the current checks.
TV,/Volumes/Bag O Holdn/Videos (Project Nonsense)/TV/Phineas and Ferb/Phineas and Ferb Season 2 Episode 21 – Just Passing Through – Candace’s Big Day.mp4,h264,High,1280x720,1280,720,0.51,23.976,23.976,yuv420p,False,OK,0,0,OK,NONE,No major warning was found by the current checks.
TV,/Volumes/Bag O Holdn/Videos (Project Nonsense)/TV/Phineas and Ferb/Phineas and Ferb Season 2 Episode 32 – Wizard of Odd.mp4,h264,High,1280x720,1280,720,0.58,23.976,23.976,yuv420p,False,OK,0,0,OK,NONE,No major warning was found by the current checks.
TV,/Volumes/Bag O Holdn/Videos (Project Nonsense)/TV/Phineas and Ferb/Phineas and Ferb Season 4 Episode 06 – Der Kinderlumper.mp4,h264,High,1280x720,1280,720,0.65,23.976,23.976,yuv420p,False,OK,0,0,OK,NONE,No major warning was found by the current checks.
TV,/Volumes/Bag O Holdn/Videos (Project Nonsense)/TV/Phineas and Ferb/Phineas and Ferb Season 3 Episode 35 – Mom’s In the House.mp4,h264,High,1280x720,1280,720,0.56,23.976,23.976,yuv420p,False,OK,0,0,OK,NONE,No major warning was found by the current checks.
TV,/Volumes/Bag O Holdn/Videos (Project Nonsense)/TV/Phineas and Ferb/Phineas and Ferb Season 3 Episode 37 – Let’s Bounce.mp4,h264,High,1280x720,1280,720,0.53,23.976,23.976,yuv420p,False,OK,0,0,OK,NONE,No major warning was found by the current checks.
TV,/Volumes/Bag O Holdn/Videos (Project Nonsense)/TV/Phineas and Ferb/Phineas and Ferb Season 3 Episode 16 – Mommy Can You Hear Me.mp4,h264,High,1280x720,1280,720,0.57,23.976,23.976,yuv420p,False,OK,0,0,OK,NONE,No major warning was found by the current checks.
TV,/Volumes/Bag O Holdn/Videos (Project Nonsense)/TV/Phineas and Ferb/Phineas and Ferb Season 4 Episode 07 – Sidetracked.mp4,h264,High,1280x720,1280,720,0.65,23.976,23.976,yuv420p,False,OK,0,0,OK,NONE,No major warning was found by the current checks.
TV,/Volumes/Bag O Holdn/Videos (Project Nonsense)/TV/Phineas and Ferb/Phineas and Ferb Season 3 Episode 15 – A Real Boy.mp4,h264,High,1280x720,1280,720,0.4,23.976,23.976,yuv420p,False,OK,0,0,OK,NONE,No major warning was found by the current checks.
TV,/Volumes/Bag O Holdn/Videos (Project Nonsense)/TV/Phineas and Ferb/Phineas and Ferb Season 2 Episode 02 – Interview With a Platypus – Tip of the Day.mp4,h264,High,1280x720,1280,720,0.57,23.976,23.976,yuv420p,False,OK,0,0,OK,NONE,No major warning was found by the current checks.
TV,/Volumes/Bag O Holdn/Videos (Project Nonsense)/TV/Phineas and Ferb/Phineas and Ferb Season 4 Episode 25 – Druselsteinoween.mp4,h264,High,1280x720,1280,720,0.56,23.976,23.976,yuv420p,False,OK,0,0,OK,NONE,No major warning was found by the current checks.
TV,/Volumes/Bag O Holdn/Videos (Project Nonsense)/TV/Phineas and Ferb/Phineas and Ferb Episode 23 – Unfair Science Fair – Unfair Science Fair Redux.mp4,h264,High,1280x720,1280,720,0.49,23.976,23.976,yuv420p,False,OK,0,0,OK,NONE,No major warning was found by the current checks.
TV,/Volumes/Bag O Holdn/Videos (Project Nonsense)/TV/Phineas and Ferb/Phineas and Ferb Season 3 Episode 06 – The Belly of the Beast.mp4,h264,High,1280x720,1280,720,0.72,23.976,23.976,yuv420p,False,OK,0,0,OK,NONE,No major warning was found by the current checks.
TV,/Volumes/Bag O Holdn/Videos (Project Nonsense)/TV/Phineas and Ferb/Phineas and Ferb Season 4 Episode 34 – Father’s Day.mp4,h264,High,1280x720,1280,720,0.54,23.976,23.976,yuv420p,False,OK,0,0,OK,NONE,No major warning was found by the current checks.
TV,"/Volumes/Bag O Holdn/Videos (Project Nonsense)/TV/Phineas and Ferb/Phineas and Ferb Episode 05 – Raging Bully – Lights, Candace, Action!.mp4",h264,High,1280x720,1280,720,0.48,23.976,23.976,yuv420p,False,OK,0,0,OK,NONE,No major warning was found by the current checks.
TV,/Volumes/Bag O Holdn/Videos (Project Nonsense)/TV/Phineas and Ferb/Phineas and Ferb Season 3 Episode 19 – Skiddley Whiffers.mp4,h264,High,1280x720,1280,720,0.58,23.976,23.976,yuv420p,False,OK,0,0,OK,NONE,No major warning was found by the current checks.
TV,"/Volumes/Bag O Holdn/Videos (Project Nonsense)/TV/Phineas and Ferb/Phineas and Ferb Season 4 Episode 19 – Happy Birthday, Isabella.mp4",h264,High,1280x720,1280,720,0.54,23.976,23.976,yuv420p,False,OK,0,0,OK,NONE,No major warning was found by the current checks.
TV,/Volumes/Bag O Holdn/Videos (Project Nonsense)/TV/Phineas and Ferb/Phineas and Ferb Episode 18 – Crack That Whip – The Best Lazy Day.mp4,h264,High,1280x720,1280,720,0.57,23.976,23.976,yuv420p,False,OK,0,0,OK,NONE,No major warning was found by the current checks.
TV,/Volumes/Bag O Holdn/Videos (Project Nonsense)/TV/Phineas and Ferb/Phineas and Ferb Season 3 Episode 17 – Road Trip.mp4,h264,High,1280x720,1280,720,0.6,23.976,23.976,yuv420p,False,OK,0,0,OK,NONE,No major warning was found by the current checks.
TV,/Volumes/Bag O Holdn/Videos (Project Nonsense)/TV/Phineas and Ferb/Phineas and Ferb Season 2 Episode 17 – The Bully Code – Finding Mary McGuffin.mp4,h264,High,1280x720,1280,720,0.4,23.976,23.976,yuv420p,False,OK,0,0,OK,NONE,No major warning was found by the current checks.
TV,/Volumes/Bag O Holdn/Videos (Project Nonsense)/TV/Phineas and Ferb/Phineas and Ferb Season 3 Episode 39 – Quietest Day Ever.mp4,h264,High,1280x720,1280,720,0.58,23.976,23.976,yuv420p,False,OK,0,0,OK,NONE,No major warning was found by the current checks.
TV,/Volumes/Bag O Holdn/Videos (Project Nonsense)/TV/Phineas and Ferb/Phineas and Ferb Season 4 Episode 26 – Terrifying Tri-State Trilogy of Terror.mp4,h264,High,1280x720,1280,720,0.49,23.976,23.976,yuv420p,False,OK,0,0,OK,NONE,No major warning was found by the current checks.
TV,/Volumes/Bag O Holdn/Videos (Project Nonsense)/TV/Phineas and Ferb/Phineas and Ferb Season 3 Episode 27 – A Phineas and Ferb Family Christmas.mp4,h264,High,1280x720,1280,720,0.89,23.976,23.976,yuv420p,False,OK,0,0,OK,NONE,No major warning was found by the current checks.
TV,/Volumes/Bag O Holdn/Videos (Project Nonsense)/TV/Phineas and Ferb/Phineas and Ferb Season 2 Episode 07 – The Chronicles of Meap.mp4,h264,High,1280x720,1280,720,0.55,23.976,23.976,yuv420p,False,OK,0,0,OK,NONE,No major warning was found by the current checks.
TV,/Volumes/Bag O Holdn/Videos (Project Nonsense)/TV/Phineas and Ferb/Phineas and Ferb Season 3 Episode 29 – Doof Dynasty.mp4,h264,High,1280x720,1280,720,0.92,23.976,23.976,yuv420p,False,OK,0,0,OK,NONE,No major warning was found by the current checks.
TV,/Volumes/Bag O Holdn/Videos (Project Nonsense)/TV/Phineas and Ferb/Phineas and Ferb Season 4 Episode 37 – It’s No Picnic.mp4,h264,High,1280x720,1280,720,0.51,23.976,23.976,yuv420p,False,OK,0,0,OK,NONE,No major warning was found by the current checks.
TV,/Volumes/Bag O Holdn/Videos (Project Nonsense)/TV/Phineas and Ferb/Phineas and Ferb Season 2 Episode 37 – Make Play Candace Gets Busted.mp4,h264,High,1280x720,1280,720,0.48,23.976,23.976,yuv420p,False,OK,0,0,OK,NONE,No major warning was found by the current checks.
TV,/Volumes/Bag O Holdn/Videos (Project Nonsense)/TV/Phineas and Ferb/Phineas and Ferb Season 3 Episode 22 – That’s the Spirit!.mp4,h264,High,1280x720,1280,720,0.61,23.976,23.976,yuv420p,False,OK,0,0,OK,NONE,No major warning was found by the current checks.
TV,/Volumes/Bag O Holdn/Videos (Project Nonsense)/TV/Phineas and Ferb/Phineas and Ferb Season 2 Episode 29 – Phineas and Ferb Hawaiian Vacation.mp4,h264,High,1280x720,1280,720,0.67,23.976,23.976,yuv420p,False,OK,0,0,OK,NONE,No major warning was found by the current checks.
TV,/Volumes/Bag O Holdn/Videos (Project Nonsense)/TV/Phineas and Ferb/Phineas and Ferb Season 2 Episode 36 – Rollercoaster The Musical!.mp4,h264,High,1280x720,1280,720,0.88,23.976,23.976,yuv420p,False,OK,0,0,OK,NONE,No major warning was found by the current checks.
TV,/Volumes/Bag O Holdn/Videos (Project Nonsense)/TV/Phineas and Ferb/Phineas and Ferb Season 3 Episode 13 – Meatloaf Surprise.mp4,h264,High,1280x720,1280,720,0.75,23.976,23.976,yuv420p,False,OK,0,0,OK,NONE,No major warning was found by the current checks.
TV,/Volumes/Bag O Holdn/Videos (Project Nonsense)/TV/Phineas and Ferb/Phineas and Ferb Season 4 Episode 16 – Knot My Problem.mp4,h264,High,1280x720,1280,720,0.52,23.976,23.976,yuv420p,False,OK,0,0,OK,NONE,No major warning was found by the current checks.
TV,/Volumes/Bag O Holdn/Videos (Project Nonsense)/TV/Phineas and Ferb/Phineas and Ferb Season 3 Episode 08 – Ask a Foolish Question.mp4,h264,High,1280x720,1280,720,0.52,23.976,23.976,yuv420p,False,OK,0,0,OK,NONE,No major warning was found by the current checks.
TV,/Volumes/Bag O Holdn/Videos (Project Nonsense)/TV/Phineas and Ferb/Phineas and Ferb Season 3 Episode 60 – Road to Danville.mp4,h264,High,1280x720,1280,720,0.53,23.976,23.976,yuv420p,False,OK,0,0,OK,NONE,No major warning was found by the current checks.
TV,/Volumes/Bag O Holdn/Videos (Project Nonsense)/TV/Phineas and Ferb/Phineas and Ferb Episode 02 – Lawn Gnome Beach Party of Terror – The Fast and the Phineas.mp4,h264,High,1280x720,1280,720,0.72,23.976,23.976,yuv420p,False,OK,0,0,OK,NONE,No major warning was found by the current checks.
TV,/Volumes/Bag O Holdn/Videos (Project Nonsense)/TV/Phineas and Ferb/Phineas and Ferb Season 4 Episode 01 – For Your Ice Only.mp4,h264,High,1280x720,1280,720,0.76,23.976,23.976,yuv420p,False,OK,0,0,OK,NONE,No major warning was found by the current checks.
TV,/Volumes/Bag O Holdn/Videos (Project Nonsense)/TV/Phineas and Ferb/Phineas and Ferb Season 4 Episode 32 – Live and Let Drive.mp4,h264,High,1280x720,1280,720,0.64,23.976,23.976,yuv420p,False,OK,0,0,OK,NONE,No major warning was found by the current checks.
TV,/Volumes/Bag O Holdn/Videos (Project Nonsense)/TV/Phineas and Ferb/Phineas and Ferb Season 3 Episode 12 – Bad Hair Day.mp4,h264,High,1280x720,1280,720,0.53,23.976,23.976,yuv420p,False,OK,0,0,OK,NONE,No major warning was found by the current checks.
TV,/Volumes/Bag O Holdn/Videos (Project Nonsense)/TV/Phineas and Ferb/Phineas and Ferb Season 4 Episode 43 – The Inator Method.mp4,h264,High,1280x720,1280,720,0.44,23.976,23.976,yuv420p,False,OK,0,0,OK,NONE,No major warning was found by the current checks.
TV,/Volumes/Bag O Holdn/Videos (Project Nonsense)/TV/Phineas and Ferb/Phineas and Ferb Season 3 Episode 38 – Bully Bromance Breakup.mp4,h264,High,1280x720,1280,720,0.44,23.976,23.976,yuv420p,False,OK,0,0,OK,NONE,No major warning was found by the current checks.
TV,/Volumes/Bag O Holdn/Videos (Project Nonsense)/TV/Phineas and Ferb/Phineas and Ferb Season 4 Episode 09 – Mind Share.mp4,h264,High,1280x720,1280,720,0.61,23.976,23.976,yuv420p,False,OK,0,0,OK,NONE,No major warning was found by the current checks.
TV,/Volumes/Bag O Holdn/Videos (Project Nonsense)/TV/Phineas and Ferb/Phineas and Ferb Season 3 Episode 25 – Lotsa Latkes.mp4,h264,High,1280x720,1280,720,0.56,23.976,23.976,yuv420p,False,OK,0,0,OK,NONE,No major warning was found by the current checks.
TV,/Volumes/Bag O Holdn/Videos (Project Nonsense)/TV/Phineas and Ferb/Phineas and Ferb Season 3 Episode 46 – Agent Doof.mp4,h264,High,1280x720,1280,720,0.56,23.976,23.976,yuv420p,False,OK,0,0,OK,NONE,No major warning was found by the current checks.
TV,/Volumes/Bag O Holdn/Videos (Project Nonsense)/TV/Phineas and Ferb/Phineas and Ferb Season 3 Episode 01 – The Great Indoors.mp4,h264,High,1280x720,1280,720,0.85,23.976,23.976,yuv420p,False,OK,0,0,OK,NONE,No major warning was found by the current checks.
TV,/Volumes/Bag O Holdn/Videos (Project Nonsense)/TV/Phineas and Ferb/Phineas and Ferb Season 3 Episode 42 – Delivery of Destiny.mp4,h264,High,1280x720,1280,720,0.61,23.976,23.976,yuv420p,False,OK,0,0,OK,NONE,No major warning was found by the current checks.
TV,/Volumes/Bag O Holdn/Videos (Project Nonsense)/TV/Phineas and Ferb/Phineas and Ferb Episode 22 – The Monster of Phineas-n-Ferbenstein – Oil on Candace.mp4,h264,High,1280x720,1280,720,0.46,23.976,23.976,yuv420p,False,OK,0,0,OK,NONE,No major warning was found by the current checks.
TV,/Volumes/Bag O Holdn/Videos (Project Nonsense)/TV/Phineas and Ferb/Phineas and Ferb Episode 24 – Out to Launch.mp4,h264,High,1280x720,1280,720,0.54,23.976,23.976,yuv420p,False,OK,0,0,OK,NONE,No major warning was found by the current checks.
TV,"/Volumes/Bag O Holdn/Videos (Project Nonsense)/TV/Phineas and Ferb/Phineas and Ferb Episode 19 – Boyfriend from 27,000 B.C – Voyage to the Bottom of Buford.mp4",h264,High,1280x720,1280,720,0.49,23.976,23.976,yuv420p,False,OK,0,0,OK,NONE,No major warning was found by the current checks.
TV,/Volumes/Bag O Holdn/Videos (Project Nonsense)/TV/Phineas and Ferb/Phineas and Ferb Season 4 Episode 28 – Cheers for Fears.mp4,h264,High,1280x720,1280,720,0.55,23.976,23.976,yuv420p,False,OK,0,0,OK,NONE,No major warning was found by the current checks.
TV,/Volumes/Bag O Holdn/Videos (Project Nonsense)/TV/Phineas and Ferb/Phineas and Ferb Season 4 Episode 36 – The Return of the Rogue Rabbit.mp4,h264,High,1280x720,1280,720,0.59,23.976,23.976,yuv420p,False,OK,0,0,OK,NONE,No major warning was found by the current checks.
TV,/Volumes/Bag O Holdn/Videos (Project Nonsense)/TV/Phineas and Ferb/Phineas and Ferb Season 4 Episode 48 – Last Day of Summer.mp4,h264,High,1280x720,1280,720,0.58,23.976,23.976,yuv420p,False,OK,0,0,OK,NONE,No major warning was found by the current checks.
TV,/Volumes/Bag O Holdn/Videos (Project Nonsense)/TV/Phineas and Ferb/Phineas and Ferb Season 3 Episode 58 – When Worlds Collide.mp4,h264,High,1280x720,1280,720,0.6,23.976,23.976,yuv420p,False,OK,0,0,OK,NONE,No major warning was found by the current checks.
TV,/Volumes/Bag O Holdn/Videos (Project Nonsense)/TV/Phineas and Ferb/Phineas and Ferb Season 2 Episode 23 – Undercover Carl – Hip Hip Parade.mp4,h264,High,1280x720,1280,720,0.49,23.976,23.976,yuv420p,False,OK,0,0,OK,NONE,No major warning was found by the current checks.
TV,/Volumes/Bag O Holdn/Videos (Project Nonsense)/TV/Phineas and Ferb/Phineas and Ferb Season 2 Episode 24 – Invasion of the Ferb Snatchers – Aint No Kiddie Ride.mp4,h264,High,1280x720,1280,720,0.55,23.976,23.976,yuv420p,False,OK,0,0,OK,NONE,No major warning was found by the current checks.
TV,/Volumes/Bag O Holdn/Videos (Project Nonsense)/TV/Phineas and Ferb/Phineas and Ferb Season 3 Episode 02 – Canderemy.mp4,h264,High,1280x720,1280,720,0.5,23.976,23.976,yuv420p,False,OK,0,0,OK,NONE,No major warning was found by the current checks.
TV,/Volumes/Bag O Holdn/Videos (Project Nonsense)/TV/Phineas and Ferb/Phineas and Ferb Season 3 Episode 41 – Meapless in Seattle.mp4,h264,High,1280x720,1280,720,0.71,23.976,23.976,yuv420p,False,OK,0,0,OK,NONE,No major warning was found by the current checks.
TV,/Volumes/Bag O Holdn/Videos (Project Nonsense)/TV/Phineas and Ferb/Phineas and Ferb Episode 17 – Greece Lightning – Leave the Busting.mp4,h264,High,1280x720,1280,720,0.68,23.976,23.976,yuv420p,False,OK,0,0,OK,NONE,No major warning was found by the current checks.
TV,/Volumes/Bag O Holdn/Videos (Project Nonsense)/TV/Phineas and Ferb/Phineas and Ferb Season 3 Episode 24 – Escape from Phineas Tower.mp4,h264,High,1280x720,1280,720,0.49,23.976,23.976,yuv420p,False,OK,0,0,OK,NONE,No major warning was found by the current checks.
TV,/Volumes/Bag O Holdn/Videos (Project Nonsense)/TV/Phineas and Ferb/Phineas and Ferb Season 3 Episode 59 – What’d I Miss.mp4,h264,High,1280x720,1280,720,0.53,23.976,23.976,yuv420p,False,OK,0,0,OK,NONE,No major warning was found by the current checks.
TV,/Volumes/Bag O Holdn/Videos (Project Nonsense)/TV/Phineas and Ferb/Phineas and Ferb Season 3 Episode 11 – Magic Carpet Ride.mp4,h264,High,1280x720,1280,720,0.56,23.976,23.976,yuv420p,False,OK,0,0,OK,NONE,No major warning was found by the current checks.
TV,/Volumes/Bag O Holdn/Videos (Project Nonsense)/TV/Phineas and Ferb/Phineas and Ferb Season 4 Episode 46 – Doof 101.mp4,h264,High,1280x720,1280,720,0.5,23.976,23.976,yuv420p,False,OK,0,0,OK,NONE,No major warning was found by the current checks.
TV,/Volumes/Bag O Holdn/Videos (Project Nonsense)/TV/Phineas and Ferb/Phineas and Ferb Season 4 Episode 31 – Return Policy.mp4,h264,High,1280x720,1280,720,0.64,23.976,23.976,yuv420p,False,OK,0,0,OK,NONE,No major warning was found by the current checks.
TV,/Volumes/Bag O Holdn/Videos (Project Nonsense)/TV/Phineas and Ferb/Phineas and Ferb Episode 07 – It’s About Time!.mp4,h264,High,1280x720,1280,720,0.52,23.976,23.976,yuv420p,False,OK,0,0,OK,NONE,No major warning was found by the current checks.
TV,/Volumes/Bag O Holdn/Videos (Project Nonsense)/TV/Phineas and Ferb/Phineas and Ferb Season 4 Episode 15 – Phineas and Ferb’s Musical Cliptastic Countdown Hosted by Kelly Osbourne.mp4,h264,High,1280x720,1280,720,0.82,23.976,23.976,yuv420p,False,OK,0,0,OK,NONE,No major warning was found by the current checks.
TV,"/Volumes/Bag O Holdn/Videos (Project Nonsense)/TV/Phineas and Ferb/Phineas and Ferb Episode 12 – Run Away Runway – I Scream, You Scream.mp4",h264,High,1280x720,1280,720,0.48,23.976,23.976,yuv420p,False,OK,0,0,OK,NONE,No major warning was found by the current checks.
TV,"/Volumes/Bag O Holdn/Videos (Project Nonsense)/TV/Phineas and Ferb/Phineas and Ferb Season 3 Episode 03 – Run, Candace, Run.mp4",h264,High,1280x720,1280,720,0.59,23.976,23.976,yuv420p,False,OK,0,0,OK,NONE,No major warning was found by the current checks.
TV,/Volumes/Bag O Holdn/Videos (Project Nonsense)/TV/Phineas and Ferb/00-ideatro.mp4,h264,High,854x480,854,480,0.37,30.0,30.0,yuv420p,False,OK,0,0,OK,NONE,No major warning was found by the current checks.
TV,/Volumes/Bag O Holdn/Videos (Project Nonsense)/TV/Phineas and Ferb/Phineas and Ferb Season 4 Episode 14 – Where’s Pinky.mp4,h264,High,1280x720,1280,720,0.47,23.976,23.976,yuv420p,False,OK,0,0,OK,NONE,No major warning was found by the current checks.
TV,/Volumes/Bag O Holdn/Videos (Project Nonsense)/TV/Phineas and Ferb/Phineas and Ferb Season 3 Episode 28 – Tri-Stone Area.mp4,h264,High,1280x720,1280,720,0.89,23.976,23.976,yuv420p,False,OK,0,0,OK,NONE,No major warning was found by the current checks.
TV,/Volumes/Bag O Holdn/Videos (Project Nonsense)/TV/Phineas and Ferb/Phineas and Ferb Season 4 Episode 20 – Love at First Byte.mp4,h264,High,1280x720,1280,720,0.63,23.976,23.976,yuv420p,False,OK,0,0,OK,NONE,No major warning was found by the current checks.
TV,/Volumes/Bag O Holdn/Videos (Project Nonsense)/TV/Phineas and Ferb/Phineas and Ferb Season 4 Episode 40 – Mandace.mp4,h264,High,1280x720,1280,720,0.39,23.976,23.976,yuv420p,False,OK,0,0,OK,NONE,No major warning was found by the current checks.
TV,/Volumes/Bag O Holdn/Videos (Project Nonsense)/TV/Phineas and Ferb/Phineas and Ferb Season 2 Episode 34 – The Secret of Success The Doof Side of the Moon.mp4,h264,High,1280x720,1280,720,0.47,23.976,23.976,yuv420p,False,OK,0,0,OK,NONE,No major warning was found by the current checks.
TV,/Volumes/Bag O Holdn/Videos (Project Nonsense)/TV/Phineas and Ferb/Phineas and Ferb Season 3 Episode 33 – Gi-Ants.mp4,h264,High,1280x720,1280,720,0.66,23.976,23.976,yuv420p,False,OK,0,0,OK,NONE,No major warning was found by the current checks.
TV,/Volumes/Bag O Holdn/Videos (Project Nonsense)/TV/Phineas and Ferb/Phineas and Ferb Season 2 Episode 19 – What Do It Do – Atlantis.mp4,h264,High,1280x720,1280,720,0.62,23.976,23.976,yuv420p,False,OK,0,0,OK,NONE,No major warning was found by the current checks.
TV,/Volumes/Bag O Holdn/Videos (Project Nonsense)/TV/Phineas and Ferb/Phineas and Ferb Episode 26 – Out of Toon – Hail Doofania!.mp4,h264,High,1280x720,1280,720,0.43,23.976,23.976,yuv420p,False,OK,0,0,OK,NONE,No major warning was found by the current checks.
TV,/Volumes/Bag O Holdn/Videos (Project Nonsense)/TV/Phineas and Ferb/Phineas and Ferb Season 2 Episode 03 – Attack of the 50 Foot Sister – Backyard Aquarium.mp4,h264,High,1280x720,1280,720,0.5,23.976,23.976,yuv420p,False,OK,0,0,OK,NONE,No major warning was found by the current checks.
TV,/Volumes/Bag O Holdn/Videos (Project Nonsense)/TV/Phineas and Ferb/Phineas and Ferb Episode 09 – One Good Scare Ought to Do It!.mp4,h264,High,1280x720,1280,720,0.57,23.976,23.976,yuv420p,False,OK,0,0,OK,NONE,No major warning was found by the current checks.
TV,"/Volumes/Bag O Holdn/Videos (Project Nonsense)/TV/Phineas and Ferb/Phineas and Ferb Episode 10 – A Hard Day’s Knight – I, Brobot.mp4",h264,High,1280x720,1280,720,0.54,23.976,23.976,yuv420p,False,OK,0,0,OK,NONE,No major warning was found by the current checks.
TV,/Volumes/Bag O Holdn/Videos (Project Nonsense)/TV/Phineas and Ferb/Phineas and Ferb Season 3 Episode 05 – Phineas’ Birthday Clip-O-Rama!.mp4,h264,High,1280x720,1280,720,0.58,23.976,23.976,yuv420p,False,OK,0,0,OK,NONE,No major warning was found by the current checks.
TV,/Volumes/Bag O Holdn/Videos (Project Nonsense)/TV/Phineas and Ferb/Phineas and Ferb Season 4 Episode 44 – Night of the Living Pharmacists.mp4,h264,High,1280x720,1280,720,0.56,23.976,23.976,yuv420p,False,OK,0,0,OK,NONE,No major warning was found by the current checks.
TV,/Volumes/Bag O Holdn/Videos (Project Nonsense)/TV/Phineas and Ferb/Phineas and Ferb Season 3 Episode 26 – Ferb Latin.mp4,h264,High,1280x720,1280,720,0.56,23.976,23.976,yuv420p,False,OK,0,0,OK,NONE,No major warning was found by the current checks.
TV,/Volumes/Bag O Holdn/Videos (Project Nonsense)/TV/Phineas and Ferb/Phineas and Ferb Season 4 Episode 35 – Imperfect Storm.mp4,h264,High,1280x720,1280,720,0.51,23.976,23.976,yuv420p,False,OK,0,0,OK,NONE,No major warning was found by the current checks.
TV,/Volumes/Bag O Holdn/Videos (Project Nonsense)/TV/Phineas and Ferb/Phineas and Ferb Season 2 Episode 33 We Call it Maze – Ladies and Gentlemen Meet Max Modem!.mp4,h264,High,1280x720,1280,720,0.58,23.976,23.976,yuv420p,False,OK,0,0,OK,NONE,No major warning was found by the current checks.
TV,/Volumes/Bag O Holdn/Videos (Project Nonsense)/TV/Phineas and Ferb/Phineas and Ferb Season 3 Episode 10 – Candace Disconnected.mp4,h264,High,1280x720,1280,720,0.5,23.976,23.976,yuv420p,False,OK,0,0,OK,NONE,No major warning was found by the current checks.
TV,/Volumes/Bag O Holdn/Videos (Project Nonsense)/TV/Phineas and Ferb/Phineas and Ferb Season 3 Episode 18 – Tour de Ferb.mp4,h264,High,1280x720,1280,720,0.73,23.976,23.976,yuv420p,False,OK,0,0,OK,NONE,No major warning was found by the current checks.
TV,/Volumes/Bag O Holdn/Videos (Project Nonsense)/TV/Phineas and Ferb/Phineas and Ferb Season 4 Episode 12 – Bee Story.mp4,h264,High,1280x720,1280,720,0.64,23.976,23.976,yuv420p,False,OK,0,0,OK,NONE,No major warning was found by the current checks.
TV,/Volumes/Bag O Holdn/Videos (Project Nonsense)/TV/Phineas and Ferb/Phineas and Ferb Season 3 Episode 48 – What A Croc!.mp4,h264,High,1280x720,1280,720,0.69,23.976,23.976,yuv420p,False,OK,0,0,OK,NONE,No major warning was found by the current checks.
TV,/Volumes/Bag O Holdn/Videos (Project Nonsense)/TV/Phineas and Ferb/Phineas and Ferb Season 4 Episode 17 – Just Desserts.mp4,h264,High,1280x720,1280,720,0.48,23.976,23.976,yuv420p,False,OK,0,0,OK,NONE,No major warning was found by the current checks.
TV,/Volumes/Bag O Holdn/Videos (Project Nonsense)/TV/Phineas and Ferb/Phineas and Ferb Episode 15 – Ready for the Bettys – The Flying Fishmonger.mp4,h264,High,1280x720,1280,720,0.59,23.976,23.976,yuv420p,False,OK,0,0,OK,NONE,No major warning was found by the current checks.
TV,/Volumes/Bag O Holdn/Videos (Project Nonsense)/TV/Phineas and Ferb/Phineas and Ferb Season 2 Episode 26 – The Lizard Whisperer – Robot Rodeo.mp4,h264,High,1280x720,1280,720,0.57,23.976,23.976,yuv420p,False,OK,0,0,OK,NONE,No major warning was found by the current checks.
TV,/Volumes/Bag O Holdn/Videos (Project Nonsense)/TV/Phineas and Ferb/Phineas and Ferb Episode 21 – Traffic Cam Caper – Bowl-R-Ama Drama.mp4,h264,High,1280x720,1280,720,0.45,23.976,23.976,yuv420p,False,OK,0,0,OK,NONE,No major warning was found by the current checks.
TV,/Volumes/Bag O Holdn/Videos (Project Nonsense)/TV/Phineas and Ferb/Phineas and Ferb Season 4 Episode 03 – Fly On the Wall.mp4,h264,High,1280x720,1280,720,0.57,23.976,23.976,yuv420p,False,OK,0,0,OK,NONE,No major warning was found by the current checks.
TV,/Volumes/Bag O Holdn/Videos (Project Nonsense)/TV/Phineas and Ferb/Phineas and Ferb Season 2 Episode 27 – The Beak.mp4,h264,High,1280x720,1280,720,0.55,23.976,23.976,yuv420p,False,OK,0,0,OK,NONE,No major warning was found by the current checks.
TV,/Volumes/Bag O Holdn/Videos (Project Nonsense)/TV/Phineas and Ferb/Phineas and Ferb Season 2 Episode 09 – Let’s Take a Quiz – At the Car Wash.mp4,h264,High,1280x720,1280,720,0.54,23.976,23.976,yuv420p,False,OK,0,0,OK,NONE,No major warning was found by the current checks.
TV,/Volumes/Bag O Holdn/Videos (Project Nonsense)/TV/Phineas and Ferb/Phineas and Ferb Season 4 Episode 27 – Face Your Fear.mp4,h264,High,1280x720,1280,720,0.81,23.976,23.976,yuv420p,False,OK,0,0,OK,NONE,No major warning was found by the current checks.
TV,/Volumes/Bag O Holdn/Videos (Project Nonsense)/TV/Phineas and Ferb/Phineas and Ferb Season 3 Episode 20 – My Fair Goalie.mp4,h264,High,1280x720,1280,720,0.65,23.976,23.976,yuv420p,False,OK,0,0,OK,NONE,No major warning was found by the current checks.
TV,/Volumes/Bag O Holdn/Videos (Project Nonsense)/TV/Phineas and Ferb/Phineas and Ferb Season 2 Episode 16 – Cheer Up Candace – Fireside Girl Jamboree.mp4,h264,High,1280x720,1280,720,0.64,23.976,23.976,yuv420p,False,OK,0,0,OK,NONE,No major warning was found by the current checks.
TV,"/Volumes/Bag O Holdn/Videos (Project Nonsense)/TV/Phineas and Ferb/Phineas and Ferb Episode 13 – It’s a Mud, Mud, Mud, Mud World – The Ballad of Badbeard.mp4",h264,High,1280x720,1280,720,0.59,23.976,23.976,yuv420p,False,OK,0,0,OK,NONE,No major warning was found by the current checks.
TV,/Volumes/Bag O Holdn/Videos (Project Nonsense)/TV/Phineas and Ferb/Phineas and Ferb Season 3 Episode 50 – Sci-Fi Pie Fly.mp4,h264,High,1280x720,1280,720,0.4,23.976,23.976,yuv420p,False,OK,0,0,OK,NONE,No major warning was found by the current checks.
TV,/Volumes/Bag O Holdn/Videos (Project Nonsense)/TV/Phineas and Ferb/Phineas and Ferb Episode 20 – Put That Putter Away – Does This Duckbill Make Me Look Fat.mp4,h264,High,1280x720,1280,720,0.49,23.976,23.976,yuv420p,False,OK,0,0,OK,NONE,No major warning was found by the current checks.
TV,/Volumes/Bag O Holdn/Videos (Project Nonsense)/TV/Phineas and Ferb/Phineas and Ferb Episode 06 – Get That Bigfoot Outta My Face! – Tree to Get Ready.mp4,h264,High,1280x720,1280,720,0.57,23.976,23.976,yuv420p,False,OK,0,0,OK,NONE,No major warning was found by the current checks.
TV,/Volumes/Bag O Holdn/Videos (Project Nonsense)/TV/Phineas and Ferb/Phineas and Ferb Season 4 Episode 21 – One Good Turn.mp4,h264,High,1280x720,1280,720,0.6,23.976,23.976,yuv420p,False,OK,0,0,OK,NONE,No major warning was found by the current checks.
TV,/Volumes/Bag O Holdn/Videos (Project Nonsense)/TV/Phineas and Ferb/Phineas and Ferb Season 3 Episode 47 – Minor Monogram.mp4,h264,High,1280x720,1280,720,0.72,23.976,23.976,yuv420p,False,OK,0,0,OK,NONE,No major warning was found by the current checks.
TV,/Volumes/Bag O Holdn/Videos (Project Nonsense)/TV/Phineas and Ferb/Phineas and Ferb Season 5 Episode 3.mp4,h264,Main,1280x720,1280,720,1.45,23.976,23.976,yuv420p,False,OK,0,0,OK,NONE,No major warning was found by the current checks.
TV,/Volumes/Bag O Holdn/Videos (Project Nonsense)/TV/Phineas and Ferb/Phineas and Ferb Season 5 Episode 1.mp4,h264,Main,1280x720,1280,720,1.71,23.976,23.976,yuv420p,False,OK,0,0,OK,NONE,No major warning was found by the current checks.
TV,/Volumes/Bag O Holdn/Videos (Project Nonsense)/TV/Phineas and Ferb/Phineas and Ferb Season 5 Episode 2.mp4,h264,Main,1280x720,1280,720,1.37,23.976,23.976,yuv420p,False,OK,0,0,OK,NONE,No major warning was found by the current checks.
TV,/Volumes/Bag O Holdn/Videos (Project Nonsense)/TV/Phineas and Ferb/Phineas and Ferb Season 5 Episode 5.mp4,h264,Main,1280x720,1280,720,1.22,23.976,23.976,yuv420p,False,OK,0,0,OK,NONE,No major warning was found by the current checks.
TV,/Volumes/Bag O Holdn/Videos (Project Nonsense)/TV/Phineas and Ferb/Phineas and Ferb Season 5 Episode 4.mp4,h264,Main,1280x720,1280,720,1.5,23.976,23.976,yuv420p,False,OK,0,0,OK,NONE,No major warning was found by the current checks.
TV,/Volumes/Bag O Holdn/Videos (Project Nonsense)/TV/Phineas and Ferb/Phineas and Ferb Season 5 Episode 6.mp4,h264,Main,1280x720,1280,720,1.61,23.976,23.976,yuv420p,False,OK,0,0,OK,NONE,No major warning was found by the current checks.
TV,/Volumes/Bag O Holdn/Videos (Project Nonsense)/TV/Phineas and Ferb/Phineas and Ferb Season 5 Episode 8.mp4,h264,Main,1280x720,1280,720,1.5,23.976,23.976,yuv420p,False,OK,0,0,OK,NONE,No major warning was found by the current checks.
TV,/Volumes/Bag O Holdn/Videos (Project Nonsense)/TV/Phineas and Ferb/Phineas and Ferb Season 5 Episode 10.mp4,h264,Main,1280x720,1280,720,1.3,23.976,23.976,yuv420p,False,OK,0,0,OK,NONE,No major warning was found by the current checks.
TV,/Volumes/Bag O Holdn/Videos (Project Nonsense)/TV/Phineas and Ferb/Phineas and Ferb Season 5 Episode 7.mp4,h264,Main,1280x720,1280,720,1.37,23.976,23.976,yuv420p,False,OK,0,0,OK,NONE,No major warning was found by the current checks.
TV,/Volumes/Bag O Holdn/Videos (Project Nonsense)/TV/Phineas and Ferb/Phineas and Ferb Season 5 Episode 9.mp4,h264,Main,1280x720,1280,720,1.77,23.976,23.976,yuv420p,False,OK,0,0,OK,NONE,No major warning was found by the current checks.
TV,/Volumes/Bag O Holdn/Videos (Project Nonsense)/TV/Phineas and Ferb/Phineas and Ferb Season 5 Episode 12.mp4,h264,Main,1280x720,1280,720,1.43,23.976,23.976,yuv420p,False,OK,0,0,OK,NONE,No major warning was found by the current checks.
TV,/Volumes/Bag O Holdn/Videos (Project Nonsense)/TV/Phineas and Ferb/Phineas and Ferb Season 5 Episode 11.mp4,h264,Main,1280x720,1280,720,1.44,23.976,23.976,yuv420p,False,OK,0,0,OK,NONE,No major warning was found by the current checks.
TV,/Volumes/Bag O Holdn/Videos (Project Nonsense)/TV/Phineas and Ferb/Phineas and Ferb Season 5 Episode 14.mp4,h264,Main,1280x720,1280,720,1.53,23.976,23.976,yuv420p,False,OK,0,0,OK,NONE,No major warning was found by the current checks.
TV,/Volumes/Bag O Holdn/Videos (Project Nonsense)/TV/Phineas and Ferb/Phineas and Ferb Season 5 Episode 16.mp4,h264,High,1280x720,1280,720,0.81,23.976,23.976,yuv420p,False,OK,0,0,OK,NONE,No major warning was found by the current checks.
TV,/Volumes/Bag O Holdn/Videos (Project Nonsense)/TV/Phineas and Ferb/Phineas and Ferb Season 5 Episode 15.mp4,h264,Main,1280x720,1280,720,1.67,23.976,23.976,yuv420p,False,OK,0,0,OK,NONE,No major warning was found by the current checks.
TV,/Volumes/Bag O Holdn/Videos (Project Nonsense)/TV/Phineas and Ferb/Phineas and Ferb Season 5 Episode 18.mp4,h264,Main,1280x720,1280,720,1.63,23.976,23.976,yuv420p,False,OK,0,0,OK,NONE,No major warning was found by the current checks.
TV,/Volumes/Bag O Holdn/Videos (Project Nonsense)/TV/Phineas and Ferb/Phineas and Ferb Season 5 Episode 17.mp4,h264,Main,1280x720,1280,720,1.83,23.976,23.976,yuv420p,False,OK,0,0,OK,NONE,No major warning was found by the current checks.
TV,/Volumes/Bag O Holdn/Videos (Project Nonsense)/TV/Phineas and Ferb/Phineas and Ferb Season 5 Episode 13.mp4,h264,High,1280x720,1280,720,0.78,23.976,23.976,yuv420p,False,OK,0,0,OK,NONE,No major warning was found by the current checks.
TV,/Volumes/Bag O Holdn/Videos (Project Nonsense)/TV/Phineas and Ferb/Phineas and Ferb Season 5 Episode 19.mp4,h264,Main,1280x720,1280,720,1.7,23.976,23.976,yuv420p,False,OK,0,0,OK,NONE,No major warning was found by the current checks.
TV,/Volumes/Bag O Holdn/Videos (Project Nonsense)/TV/Phineas and Ferb/Phineas and Ferb Season 5 Episode 20.mp4,h264,Main,1280x720,1280,720,1.73,23.976,23.976,yuv420p,False,OK,0,0,OK,NONE,No major warning was found by the current checks.
TV,/Volumes/Bag O Holdn/Videos (Project Nonsense)/TV/Phineas and Ferb/Phineas and Ferb Season 5 Episode 21.mp4,h264,High,1280x720,1280,720,0.76,23.976,23.976,yuv420p,False,OK,0,0,OK,NONE,No major warning was found by the current checks.
TV,/Volumes/Bag O Holdn/Videos (Project Nonsense)/TV/Phineas and Ferb/Phineas and Ferb Season 5 Episode 23.mp4,h264,High,1280x720,1280,720,0.67,23.976,23.976,yuv420p,False,OK,0,0,OK,NONE,No major warning was found by the current checks.
TV,/Volumes/Bag O Holdn/Videos (Project Nonsense)/TV/Phineas and Ferb/Phineas and Ferb Season 5 Episode 22.mp4,h264,High,1280x720,1280,720,0.98,23.976,23.976,yuv420p,False,OK,0,0,OK,NONE,No major warning was found by the current checks.
TV,/Volumes/Bag O Holdn/Videos (Project Nonsense)/TV/Phineas and Ferb/Phineas and Ferb Season 5 Episode 24.mp4,h264,High,1280x720,1280,720,0.75,23.976,23.976,yuv420p,False,OK,0,0,OK,NONE,No major warning was found by the current checks.
TV,/Volumes/Bag O Holdn/Videos (Project Nonsense)/TV/Phineas and Ferb/Phineas and Ferb Season 5 Episode 25.mp4,h264,High,1280x720,1280,720,1.16,23.976,23.976,yuv420p,False,OK,0,0,OK,NONE,No major warning was found by the current checks.
TV,/Volumes/Bag O Holdn/Videos (Project Nonsense)/TV/Ranma/Ranma ep31.mp4,h264,High,852x480,852,480,0.38,23.976,23.976,yuv420p,False,OK,0,0,OK,NONE,No major warning was found by the current checks.
TV,/Volumes/Bag O Holdn/Videos (Project Nonsense)/TV/Ranma/Ranma ep32.mp4,h264,High,852x480,852,480,0.39,23.976,23.976,yuv420p,False,OK,0,0,OK,NONE,No major warning was found by the current checks.
TV,/Volumes/Bag O Holdn/Videos (Project Nonsense)/TV/Ranma/Ranma ep33.mp4,h264,High,852x480,852,480,0.35,23.976,23.976,yuv420p,False,OK,0,0,OK,NONE,No major warning was found by the current checks.
TV,/Volumes/Bag O Holdn/Videos (Project Nonsense)/TV/Ranma/Ranma ep34.mp4,h264,High,852x480,852,480,0.4,23.976,23.976,yuv420p,False,OK,0,0,OK,NONE,No major warning was found by the current checks.
TV,/Volumes/Bag O Holdn/Videos (Project Nonsense)/TV/Ranma/Ranma ep38.mp4,h264,High,852x480,852,480,0.3,23.976,23.976,yuv420p,False,OK,0,0,OK,NONE,No major warning was found by the current checks.
TV,/Volumes/Bag O Holdn/Videos (Project Nonsense)/TV/Ranma/Ranma ep39.mp4,h264,High,852x480,852,480,0.34,23.976,23.976,yuv420p,False,OK,0,0,OK,NONE,No major warning was found by the current checks.
TV,/Volumes/Bag O Holdn/Videos (Project Nonsense)/TV/Ranma/Ranma ep40.mp4,h264,High,852x480,852,480,0.35,23.976,23.976,yuv420p,False,OK,0,0,OK,NONE,No major warning was found by the current checks.
TV,/Volumes/Bag O Holdn/Videos (Project Nonsense)/TV/Ranma/Ranma ep37.mp4,h264,High,852x480,852,480,0.4,23.976,23.976,yuv420p,False,OK,0,0,OK,NONE,No major warning was found by the current checks.
TV,/Volumes/Bag O Holdn/Videos (Project Nonsense)/TV/Ranma/Ranma ep45.mp4,h264,High,1280x720,1280,720,0.74,23.976,23.976,yuv420p,False,OK,0,0,OK,NONE,No major warning was found by the current checks.
TV,/Volumes/Bag O Holdn/Videos (Project Nonsense)/TV/Ranma/Ranma ep1.mp4,h264,High,640x480,640,480,0.44,29.97,25.561,yuv420p,True,POSSIBLE VARIABLE FRAME RATE,1,85,VERY HIGH,POSSIBLE VARIABLE FRAME RATE,"The nominal and average frame rates do not match closely. Because your symptom is video falling behind while audio keeps going, this is especially worth investigating for Project Nonsense."
TV,/Volumes/Bag O Holdn/Videos (Project Nonsense)/TV/Ranma/Ranma ep10.mp4,h264,High,640x480,640,480,0.48,29.97,25.742,yuv420p,True,POSSIBLE VARIABLE FRAME RATE,1,85,VERY HIGH,POSSIBLE VARIABLE FRAME RATE,"The nominal and average frame rates do not match closely. Because your symptom is video falling behind while audio keeps going, this is especially worth investigating for Project Nonsense."
TV,/Volumes/Bag O Holdn/Videos (Project Nonsense)/TV/Ranma/Ranma ep11.mp4,h264,High,640x480,640,480,0.47,29.97,26.068,yuv420p,True,POSSIBLE VARIABLE FRAME RATE,1,85,VERY HIGH,POSSIBLE VARIABLE FRAME RATE,"The nominal and average frame rates do not match closely. Because your symptom is video falling behind while audio keeps going, this is especially worth investigating for Project Nonsense."
TV,/Volumes/Bag O Holdn/Videos (Project Nonsense)/TV/Ranma/Ranma ep12.mp4,h264,High,640x480,640,480,0.42,29.97,25.783,yuv420p,True,POSSIBLE VARIABLE FRAME RATE,1,85,VERY HIGH,POSSIBLE VARIABLE FRAME RATE,"The nominal and average frame rates do not match closely. Because your symptom is video falling behind while audio keeps going, this is especially worth investigating for Project Nonsense."
TV,/Volumes/Bag O Holdn/Videos (Project Nonsense)/TV/Ranma/Ranma ep13.mp4,h264,High,640x480,640,480,0.43,29.97,25.893,yuv420p,True,POSSIBLE VARIABLE FRAME RATE,1,85,VERY HIGH,POSSIBLE VARIABLE FRAME RATE,"The nominal and average frame rates do not match closely. Because your symptom is video falling behind while audio keeps going, this is especially worth investigating for Project Nonsense."
TV,/Volumes/Bag O Holdn/Videos (Project Nonsense)/TV/Ranma/Ranma ep14.mp4,h264,High,640x480,640,480,0.37,29.97,25.195,yuv420p,True,POSSIBLE VARIABLE FRAME RATE,1,85,VERY HIGH,POSSIBLE VARIABLE FRAME RATE,"The nominal and average frame rates do not match closely. Because your symptom is video falling behind while audio keeps going, this is especially worth investigating for Project Nonsense."
TV,/Volumes/Bag O Holdn/Videos (Project Nonsense)/TV/Ranma/Ranma ep15.mp4,h264,High,640x480,640,480,0.43,29.97,25.332,yuv420p,True,POSSIBLE VARIABLE FRAME RATE,1,85,VERY HIGH,POSSIBLE VARIABLE FRAME RATE,"The nominal and average frame rates do not match closely. Because your symptom is video falling behind while audio keeps going, this is especially worth investigating for Project Nonsense."
TV,/Volumes/Bag O Holdn/Videos (Project Nonsense)/TV/Ranma/Ranma ep16.mp4,h264,High,640x480,640,480,0.51,29.97,25.776,yuv420p,True,POSSIBLE VARIABLE FRAME RATE,1,85,VERY HIGH,POSSIBLE VARIABLE FRAME RATE,"The nominal and average frame rates do not match closely. Because your symptom is video falling behind while audio keeps going, this is especially worth investigating for Project Nonsense."
TV,/Volumes/Bag O Holdn/Videos (Project Nonsense)/TV/Ranma/Ranma ep17.mp4,h264,High,640x480,640,480,0.43,29.97,25.428,yuv420p,True,POSSIBLE VARIABLE FRAME RATE,1,85,VERY HIGH,POSSIBLE VARIABLE FRAME RATE,"The nominal and average frame rates do not match closely. Because your symptom is video falling behind while audio keeps going, this is especially worth investigating for Project Nonsense."
TV,/Volumes/Bag O Holdn/Videos (Project Nonsense)/TV/Ranma/Ranma ep18.mp4,h264,High,640x480,640,480,0.43,29.97,25.441,yuv420p,True,POSSIBLE VARIABLE FRAME RATE,1,85,VERY HIGH,POSSIBLE VARIABLE FRAME RATE,"The nominal and average frame rates do not match closely. Because your symptom is video falling behind while audio keeps going, this is especially worth investigating for Project Nonsense."
TV,/Volumes/Bag O Holdn/Videos (Project Nonsense)/TV/Ranma/Ranma ep19.mp4,h264,High,640x480,640,480,0.57,29.97,26.493,yuv420p,True,POSSIBLE VARIABLE FRAME RATE,1,85,VERY HIGH,POSSIBLE VARIABLE FRAME RATE,"The nominal and average frame rates do not match closely. Because your symptom is video falling behind while audio keeps going, this is especially worth investigating for Project Nonsense."
TV,/Volumes/Bag O Holdn/Videos (Project Nonsense)/TV/Ranma/Ranma ep2.mp4,h264,High,640x480,640,480,0.5,29.97,25.973,yuv420p,True,POSSIBLE VARIABLE FRAME RATE,1,85,VERY HIGH,POSSIBLE VARIABLE FRAME RATE,"The nominal and average frame rates do not match closely. Because your symptom is video falling behind while audio keeps going, this is especially worth investigating for Project Nonsense."
TV,/Volumes/Bag O Holdn/Videos (Project Nonsense)/TV/Ranma/Ranma ep20.mp4,h264,High,640x480,640,480,0.54,29.97,26.632,yuv420p,True,POSSIBLE VARIABLE FRAME RATE,1,85,VERY HIGH,POSSIBLE VARIABLE FRAME RATE,"The nominal and average frame rates do not match closely. Because your symptom is video falling behind while audio keeps going, this is especially worth investigating for Project Nonsense."
TV,/Volumes/Bag O Holdn/Videos (Project Nonsense)/TV/Ranma/Ranma ep21.mp4,h264,High,640x480,640,480,0.54,29.97,26.41,yuv420p,True,POSSIBLE VARIABLE FRAME RATE,1,85,VERY HIGH,POSSIBLE VARIABLE FRAME RATE,"The nominal and average frame rates do not match closely. Because your symptom is video falling behind while audio keeps going, this is especially worth investigating for Project Nonsense."
TV,/Volumes/Bag O Holdn/Videos (Project Nonsense)/TV/Ranma/Ranma ep22.mp4,h264,High,640x480,640,480,0.56,29.97,26.562,yuv420p,True,POSSIBLE VARIABLE FRAME RATE,1,85,VERY HIGH,POSSIBLE VARIABLE FRAME RATE,"The nominal and average frame rates do not match closely. Because your symptom is video falling behind while audio keeps going, this is especially worth investigating for Project Nonsense."
TV,/Volumes/Bag O Holdn/Videos (Project Nonsense)/TV/Ranma/Ranma ep23.mp4,h264,High,640x480,640,480,0.47,29.97,26.172,yuv420p,True,POSSIBLE VARIABLE FRAME RATE,1,85,VERY HIGH,POSSIBLE VARIABLE FRAME RATE,"The nominal and average frame rates do not match closely. Because your symptom is video falling behind while audio keeps going, this is especially worth investigating for Project Nonsense."
TV,/Volumes/Bag O Holdn/Videos (Project Nonsense)/TV/Ranma/Ranma ep24.mp4,h264,High,640x480,640,480,0.53,29.97,26.34,yuv420p,True,POSSIBLE VARIABLE FRAME RATE,1,85,VERY HIGH,POSSIBLE VARIABLE FRAME RATE,"The nominal and average frame rates do not match closely. Because your symptom is video falling behind while audio keeps going, this is especially worth investigating for Project Nonsense."
TV,/Volumes/Bag O Holdn/Videos (Project Nonsense)/TV/Ranma/Ranma ep25.mp4,h264,High,640x480,640,480,0.58,29.97,26.545,yuv420p,True,POSSIBLE VARIABLE FRAME RATE,1,85,VERY HIGH,POSSIBLE VARIABLE FRAME RATE,"The nominal and average frame rates do not match closely. Because your symptom is video falling behind while audio keeps going, this is especially worth investigating for Project Nonsense."
TV,/Volumes/Bag O Holdn/Videos (Project Nonsense)/TV/Ranma/Ranma ep26.mp4,h264,High,640x480,640,480,0.49,29.97,25.794,yuv420p,True,POSSIBLE VARIABLE FRAME RATE,1,85,VERY HIGH,POSSIBLE VARIABLE FRAME RATE,"The nominal and average frame rates do not match closely. Because your symptom is video falling behind while audio keeps going, this is especially worth investigating for Project Nonsense."
TV,/Volumes/Bag O Holdn/Videos (Project Nonsense)/TV/Ranma/Ranma ep27.mp4,h264,High,640x480,640,480,0.62,29.97,26.803,yuv420p,True,POSSIBLE VARIABLE FRAME RATE,1,85,VERY HIGH,POSSIBLE VARIABLE FRAME RATE,"The nominal and average frame rates do not match closely. Because your symptom is video falling behind while audio keeps going, this is especially worth investigating for Project Nonsense."
TV,/Volumes/Bag O Holdn/Videos (Project Nonsense)/TV/Ranma/Ranma ep28.mp4,h264,High,640x480,640,480,0.5,29.97,26.046,yuv420p,True,POSSIBLE VARIABLE FRAME RATE,1,85,VERY HIGH,POSSIBLE VARIABLE FRAME RATE,"The nominal and average frame rates do not match closely. Because your symptom is video falling behind while audio keeps going, this is especially worth investigating for Project Nonsense."
TV,/Volumes/Bag O Holdn/Videos (Project Nonsense)/TV/Ranma/Ranma ep29.mp4,h264,High,640x480,640,480,0.49,29.97,26.205,yuv420p,True,POSSIBLE VARIABLE FRAME RATE,1,85,VERY HIGH,POSSIBLE VARIABLE FRAME RATE,"The nominal and average frame rates do not match closely. Because your symptom is video falling behind while audio keeps going, this is especially worth investigating for Project Nonsense."
TV,/Volumes/Bag O Holdn/Videos (Project Nonsense)/TV/Ranma/Ranma ep3.mp4,h264,High,640x480,640,480,0.46,29.97,25.523,yuv420p,True,POSSIBLE VARIABLE FRAME RATE,1,85,VERY HIGH,POSSIBLE VARIABLE FRAME RATE,"The nominal and average frame rates do not match closely. Because your symptom is video falling behind while audio keeps going, this is especially worth investigating for Project Nonsense."
TV,/Volumes/Bag O Holdn/Videos (Project Nonsense)/TV/Ranma/Ranma ep30.mp4,h264,High,640x480,640,480,0.55,29.97,26.386,yuv420p,True,POSSIBLE VARIABLE FRAME RATE,1,85,VERY HIGH,POSSIBLE VARIABLE FRAME RATE,"The nominal and average frame rates do not match closely. Because your symptom is video falling behind while audio keeps going, this is especially worth investigating for Project Nonsense."
TV,/Volumes/Bag O Holdn/Videos (Project Nonsense)/TV/Ranma/Ranma ep4.mp4,h264,High,640x480,640,480,0.44,29.97,25.576,yuv420p,True,POSSIBLE VARIABLE FRAME RATE,1,85,VERY HIGH,POSSIBLE VARIABLE FRAME RATE,"The nominal and average frame rates do not match closely. Because your symptom is video falling behind while audio keeps going, this is especially worth investigating for Project Nonsense."
TV,/Volumes/Bag O Holdn/Videos (Project Nonsense)/TV/Ranma/Ranma ep5.mp4,h264,High,640x480,640,480,0.46,29.97,25.671,yuv420p,True,POSSIBLE VARIABLE FRAME RATE,1,85,VERY HIGH,POSSIBLE VARIABLE FRAME RATE,"The nominal and average frame rates do not match closely. Because your symptom is video falling behind while audio keeps going, this is especially worth investigating for Project Nonsense."
TV,/Volumes/Bag O Holdn/Videos (Project Nonsense)/TV/Ranma/Ranma ep6.mp4,h264,High,640x480,640,480,0.45,29.97,25.455,yuv420p,True,POSSIBLE VARIABLE FRAME RATE,1,85,VERY HIGH,POSSIBLE VARIABLE FRAME RATE,"The nominal and average frame rates do not match closely. Because your symptom is video falling behind while audio keeps going, this is especially worth investigating for Project Nonsense."
TV,/Volumes/Bag O Holdn/Videos (Project Nonsense)/TV/Ranma/Ranma ep7.mp4,h264,High,640x480,640,480,0.49,29.97,25.668,yuv420p,True,POSSIBLE VARIABLE FRAME RATE,1,85,VERY HIGH,POSSIBLE VARIABLE FRAME RATE,"The nominal and average frame rates do not match closely. Because your symptom is video falling behind while audio keeps going, this is especially worth investigating for Project Nonsense."
TV,/Volumes/Bag O Holdn/Videos (Project Nonsense)/TV/Ranma/Ranma ep8.mp4,h264,High,640x480,640,480,0.52,29.97,26.046,yuv420p,True,POSSIBLE VARIABLE FRAME RATE,1,85,VERY HIGH,POSSIBLE VARIABLE FRAME RATE,"The nominal and average frame rates do not match closely. Because your symptom is video falling behind while audio keeps going, this is especially worth investigating for Project Nonsense."
TV,/Volumes/Bag O Holdn/Videos (Project Nonsense)/TV/Ranma/Ranma ep9.mp4,h264,High,640x480,640,480,0.48,29.97,25.687,yuv420p,True,POSSIBLE VARIABLE FRAME RATE,1,85,VERY HIGH,POSSIBLE VARIABLE FRAME RATE,"The nominal and average frame rates do not match closely. Because your symptom is video falling behind while audio keeps going, this is especially worth investigating for Project Nonsense."
TV,/Volumes/Bag O Holdn/Videos (Project Nonsense)/TV/Ranma/Ranma ep36.mp4,h264,High,852x480,852,480,0.37,23.976,23.976,yuv420p,False,OK,0,0,OK,NONE,No major warning was found by the current checks.
TV,/Volumes/Bag O Holdn/Videos (Project Nonsense)/TV/Ranma/Ranma ep35.mp4,h264,High,852x480,852,480,0.35,23.976,23.976,yuv420p,False,OK,0,0,OK,NONE,No major warning was found by the current checks.
TV,/Volumes/Bag O Holdn/Videos (Project Nonsense)/TV/Ranma/Ranma ep43.mp4,h264,High,1280x720,1280,720,0.63,23.976,23.976,yuv420p,False,OK,0,0,OK,NONE,No major warning was found by the current checks.
TV,/Volumes/Bag O Holdn/Videos (Project Nonsense)/TV/Ranma/Ranma ep44.mp4,h264,High,1280x720,1280,720,0.65,23.976,23.976,yuv420p,False,OK,0,0,OK,NONE,No major warning was found by the current checks.
TV,/Volumes/Bag O Holdn/Videos (Project Nonsense)/TV/Ranma/Ranma ep41.mp4,h264,High,1280x720,1280,720,0.67,23.976,23.976,yuv420p,False,OK,0,0,OK,NONE,No major warning was found by the current checks.
TV,/Volumes/Bag O Holdn/Videos (Project Nonsense)/TV/Ranma/Ranma ep49.mp4,h264,High,1280x720,1280,720,0.61,23.976,23.976,yuv420p,False,OK,0,0,OK,NONE,No major warning was found by the current checks.
TV,/Volumes/Bag O Holdn/Videos (Project Nonsense)/TV/Ranma/Ranma ep50.mp4,h264,High,1280x720,1280,720,0.67,23.976,23.976,yuv420p,False,OK,0,0,OK,NONE,No major warning was found by the current checks.
TV,/Volumes/Bag O Holdn/Videos (Project Nonsense)/TV/Ranma/Ranma ep46.mp4,h264,High,1280x720,1280,720,0.62,23.976,23.976,yuv420p,False,OK,0,0,OK,NONE,No major warning was found by the current checks.
TV,/Volumes/Bag O Holdn/Videos (Project Nonsense)/TV/Ranma/Ranma ep47.mp4,h264,High,1280x720,1280,720,0.63,23.976,23.976,yuv420p,False,OK,0,0,OK,NONE,No major warning was found by the current checks.
TV,/Volumes/Bag O Holdn/Videos (Project Nonsense)/TV/Ranma/Ranma ep48.mp4,h264,High,1280x720,1280,720,0.72,23.976,23.976,yuv420p,False,OK,0,0,OK,NONE,No major warning was found by the current checks.
TV,/Volumes/Bag O Holdn/Videos (Project Nonsense)/TV/Ranma/Ranma ep42.mp4,h264,High,1280x720,1280,720,0.67,23.976,23.976,yuv420p,False,OK,0,0,OK,NONE,No major warning was found by the current checks.
TV,/Volumes/Bag O Holdn/Videos (Project Nonsense)/TV/Ranma/Ranma ep51.mp4,h264,High,1280x720,1280,720,0.59,23.976,23.976,yuv420p,False,OK,0,0,OK,NONE,No major warning was found by the current checks.
TV,/Volumes/Bag O Holdn/Videos (Project Nonsense)/TV/Ranma/Ranma ep52.mp4,h264,High,1280x720,1280,720,0.58,23.976,23.976,yuv420p,False,OK,0,0,OK,NONE,No major warning was found by the current checks.
TV,/Volumes/Bag O Holdn/Videos (Project Nonsense)/TV/Ranma/Ranma ep53.mp4,h264,High,1280x720,1280,720,0.77,23.976,23.976,yuv420p,False,OK,0,0,OK,NONE,No major warning was found by the current checks.
TV,/Volumes/Bag O Holdn/Videos (Project Nonsense)/TV/Ranma/Ranma ep89 fav?.mp4,h264,High,1280x720,1280,720,0.71,23.976,23.976,yuv420p,False,OK,0,0,OK,NONE,No major warning was found by the current checks.
TV,/Volumes/Bag O Holdn/Videos (Project Nonsense)/TV/Ranma/Ranma ep49 fav?.mp4,h264,High,1920x1080,1920,1080,1.24,23.976,23.976,yuv420p,False,OK,0,0,OK,NONE,No major warning was found by the current checks.
TV,/Volumes/Bag O Holdn/Videos (Project Nonsense)/TV/Ranma 2024/Ranma-2024 Ep1.mp4,h264,High,852x480,852,480,0.38,23.976,23.976,yuv420p,False,OK,0,0,OK,NONE,No major warning was found by the current checks.
TV,/Volumes/Bag O Holdn/Videos (Project Nonsense)/TV/Ranma 2024/Ranma-2024 Ep10.mp4,h264,High,852x480,852,480,0.46,23.976,23.976,yuv420p,False,OK,0,0,OK,NONE,No major warning was found by the current checks.
TV,/Volumes/Bag O Holdn/Videos (Project Nonsense)/TV/Ranma 2024/Ranma-2024 Ep11.mp4,h264,High,852x480,852,480,0.41,23.976,23.976,yuv420p,False,OK,0,0,OK,NONE,No major warning was found by the current checks.
TV,/Volumes/Bag O Holdn/Videos (Project Nonsense)/TV/Ranma 2024/Ranma-2024 Ep12.mp4,h264,High,852x480,852,480,0.4,23.976,23.976,yuv420p,False,OK,0,0,OK,NONE,No major warning was found by the current checks.
TV,/Volumes/Bag O Holdn/Videos (Project Nonsense)/TV/Ranma 2024/Ranma-2024 Ep2.mp4,h264,High,852x480,852,480,0.44,23.976,23.976,yuv420p,False,OK,0,0,OK,NONE,No major warning was found by the current checks.
TV,/Volumes/Bag O Holdn/Videos (Project Nonsense)/TV/Ranma 2024/Ranma-2024 Ep3.mp4,h264,High,852x480,852,480,0.4,23.976,23.976,yuv420p,False,OK,0,0,OK,NONE,No major warning was found by the current checks.
TV,/Volumes/Bag O Holdn/Videos (Project Nonsense)/TV/Ranma 2024/Ranma-2024 Ep4.mp4,h264,High,852x480,852,480,0.45,23.976,23.976,yuv420p,False,OK,0,0,OK,NONE,No major warning was found by the current checks.
TV,/Volumes/Bag O Holdn/Videos (Project Nonsense)/TV/Ranma 2024/Ranma-2024 Ep5.mp4,h264,High,852x480,852,480,0.37,23.976,23.976,yuv420p,False,OK,0,0,OK,NONE,No major warning was found by the current checks.
TV,/Volumes/Bag O Holdn/Videos (Project Nonsense)/TV/Ranma 2024/Ranma-2024 Ep6.mp4,h264,High,852x480,852,480,0.41,23.976,23.976,yuv420p,False,OK,0,0,OK,NONE,No major warning was found by the current checks.
TV,/Volumes/Bag O Holdn/Videos (Project Nonsense)/TV/Ranma 2024/Ranma-2024 Ep7.mp4,h264,High,852x480,852,480,0.45,23.976,23.976,yuv420p,False,OK,0,0,OK,NONE,No major warning was found by the current checks.
TV,/Volumes/Bag O Holdn/Videos (Project Nonsense)/TV/Ranma 2024/Ranma-2024 Ep8.mp4,h264,High,852x480,852,480,0.44,23.976,23.976,yuv420p,False,OK,0,0,OK,NONE,No major warning was found by the current checks.
TV,/Volumes/Bag O Holdn/Videos (Project Nonsense)/TV/Ranma 2024/Ranma-2024 Ep9.mp4,h264,High,852x480,852,480,0.45,23.976,23.976,yuv420p,False,OK,0,0,OK,NONE,No major warning was found by the current checks.
TV,/Volumes/Bag O Holdn/Videos (Project Nonsense)/TV/Ranma 2024/Ranma-2024 Ep13.mp4,h264,Main,852x480,852,480,0.76,23.976,23.976,yuv420p,False,OK,0,0,OK,NONE,No major warning was found by the current checks.
TV,/Volumes/Bag O Holdn/Videos (Project Nonsense)/TV/Ranma 2024/Ranma-2024 Ep14.mp4,h264,Main,852x480,852,480,0.76,23.976,23.976,yuv420p,False,OK,0,0,OK,NONE,No major warning was found by the current checks.
TV,/Volumes/Bag O Holdn/Videos (Project Nonsense)/TV/Ranma 2024/Ranma-2024 Ep15.mp4,h264,Main,852x480,852,480,0.94,23.976,23.976,yuv420p,False,OK,0,0,OK,NONE,No major warning was found by the current checks.
TV,/Volumes/Bag O Holdn/Videos (Project Nonsense)/TV/Ranma 2024/Ranma-2024 Ep16.mp4,h264,Main,852x480,852,480,1.06,23.976,23.976,yuv420p,False,OK,0,0,OK,NONE,No major warning was found by the current checks.
TV,/Volumes/Bag O Holdn/Videos (Project Nonsense)/TV/Ranma 2024/Ranma-2024 Ep17.mp4,h264,High,852x480,852,480,0.46,23.976,23.976,yuv420p,False,OK,0,0,OK,NONE,No major warning was found by the current checks.
TV,/Volumes/Bag O Holdn/Videos (Project Nonsense)/TV/Ranma 2024/Ranma-2024 Ep18.mp4,h264,High,852x480,852,480,0.44,23.976,23.976,yuv420p,False,OK,0,0,OK,NONE,No major warning was found by the current checks.
TV,/Volumes/Bag O Holdn/Videos (Project Nonsense)/TV/Ranma 2024/Ranma-2024 Ep19.mp4,h264,High,852x480,852,480,0.44,23.976,23.976,yuv420p,False,OK,0,0,OK,NONE,No major warning was found by the current checks.
TV,/Volumes/Bag O Holdn/Videos (Project Nonsense)/TV/Ranma 2024/Ranma-2024 Ep20.mp4,h264,Main,852x480,852,480,0.84,23.976,23.976,yuv420p,False,OK,0,0,OK,NONE,No major warning was found by the current checks.
TV,/Volumes/Bag O Holdn/Videos (Project Nonsense)/TV/Ranma 2024/Ranma-2024 Ep21.mp4,h264,Main,852x480,852,480,0.77,23.976,23.976,yuv420p,False,OK,0,0,OK,NONE,No major warning was found by the current checks.
TV,/Volumes/Bag O Holdn/Videos (Project Nonsense)/TV/Ranma 2024/Ranma-2024 Ep22.mp4,h264,High,852x480,852,480,0.45,23.976,23.976,yuv420p,False,OK,0,0,OK,NONE,No major warning was found by the current checks.
TV,/Volumes/Bag O Holdn/Videos (Project Nonsense)/TV/Ranma 2024/Ranma-2024 Ep23.mp4,h264,High,852x480,852,480,0.41,23.976,23.976,yuv420p,False,OK,0,0,OK,NONE,No major warning was found by the current checks.
TV,/Volumes/Bag O Holdn/Videos (Project Nonsense)/TV/Ranma 2024/Ranma-2024 Ep24.mp4,h264,High,852x480,852,480,0.38,23.976,23.976,yuv420p,False,OK,0,0,OK,NONE,No major warning was found by the current checks.
TV,/Volumes/Bag O Holdn/Videos (Project Nonsense)/TV/The Amazing Digital Circus/The Amazing Digital Circus- 1.mp4,h264,Main,852x480,852,480,1.2,30.0,30.0,yuv420p,False,OK,0,0,OK,NONE,No major warning was found by the current checks.
TV,/Volumes/Bag O Holdn/Videos (Project Nonsense)/TV/The Amazing Digital Circus/The Amazing Digital Circus- 2.mp4,h264,Main,852x480,852,480,1.05,30.0,30.0,yuv420p,False,OK,0,0,OK,NONE,No major warning was found by the current checks.
TV,/Volumes/Bag O Holdn/Videos (Project Nonsense)/TV/The Amazing Digital Circus/The Amazing Digital Circus- 3.mp4,h264,Main,852x480,852,480,0.72,30.0,30.0,yuv420p,False,OK,0,0,OK,NONE,No major warning was found by the current checks.
TV,/Volumes/Bag O Holdn/Videos (Project Nonsense)/TV/The Amazing Digital Circus/The Amazing Digital Circus- 4.mp4,h264,Main,852x480,852,480,0.92,30.0,30.0,yuv420p,False,OK,0,0,OK,NONE,No major warning was found by the current checks.
TV,/Volumes/Bag O Holdn/Videos (Project Nonsense)/TV/The Amazing Digital Circus/The Amazing Digital Circus- 5.mp4,h264,High,852x480,852,480,0.45,30.0,30.0,yuv420p,False,OK,0,0,OK,NONE,No major warning was found by the current checks.
TV,/Volumes/Bag O Holdn/Videos (Project Nonsense)/TV/The Amazing Digital Circus/The Amazing Digital Circus- 6.mp4,h264,High,852x480,852,480,0.39,30.0,30.0,yuv420p,False,OK,0,0,OK,NONE,No major warning was found by the current checks.
TV,/Volumes/Bag O Holdn/Videos (Project Nonsense)/TV/The Amazing Digital Circus/The Amazing Digital Circus- 7.mp4,h264,Main,852x480,852,480,1.46,60.0,60.0,yuv420p,False,HIGH FRAME RATE,1,75,HIGH,HIGH FRAME RATE,The video averages about 60.00 FPS. More frames per second means more work for the Pi.
TV,/Volumes/Bag O Holdn/Videos (Project Nonsense)/TV/The Amazing Digital Circus/The Amazing Digital Circus- 8.mp4,h264,Main,640x360,640,360,0.38,30.0,30.0,yuv420p,False,OK,0,0,OK,NONE,No major warning was found by the current checks.
TV,/Volumes/Bag O Holdn/Videos (Project Nonsense)/TV/The Amazing Digital Circus/The Amazing Digital Circus- 9.mp4,h264,Main,640x360,640,360,0.35,30.0,30.0,yuv420p,False,OK,0,0,OK,NONE,No major warning was found by the current checks.
TV,/Volumes/Bag O Holdn/Videos (Project Nonsense)/TV/Win or Lose/Win Or Lose Ep1.mp4,h264,High,852x480,852,480,0.44,24.0,24.0,yuv420p,False,OK,0,0,OK,NONE,No major warning was found by the current checks.
TV,/Volumes/Bag O Holdn/Videos (Project Nonsense)/TV/Win or Lose/Win Or Lose Ep2.mp4,h264,High,852x480,852,480,0.4,24.0,24.0,yuv420p,False,OK,0,0,OK,NONE,No major warning was found by the current checks.
TV,/Volumes/Bag O Holdn/Videos (Project Nonsense)/TV/Win or Lose/Win Or Lose Ep3.mp4,h264,High,852x480,852,480,0.4,24.0,24.0,yuv420p,False,OK,0,0,OK,NONE,No major warning was found by the current checks.
TV,/Volumes/Bag O Holdn/Videos (Project Nonsense)/TV/Win or Lose/Win Or Lose Ep4.mp4,h264,High,852x480,852,480,0.45,24.0,24.0,yuv420p,False,OK,0,0,OK,NONE,No major warning was found by the current checks.
TV,/Volumes/Bag O Holdn/Videos (Project Nonsense)/TV/Win or Lose/Win Or Lose Ep5.mp4,h264,High,852x480,852,480,0.48,24.0,24.0,yuv420p,False,OK,0,0,OK,NONE,No major warning was found by the current checks.
TV,/Volumes/Bag O Holdn/Videos (Project Nonsense)/TV/Win or Lose/Win Or Lose Ep6.mp4,h264,High,852x480,852,480,0.51,24.0,24.0,yuv420p,False,OK,0,0,OK,NONE,No major warning was found by the current checks.
TV,/Volumes/Bag O Holdn/Videos (Project Nonsense)/TV/Win or Lose/Win Or Lose Ep7.mp4,h264,High,852x480,852,480,0.48,24.0,24.0,yuv420p,False,OK,0,0,OK,NONE,No major warning was found by the current checks.
TV,/Volumes/Bag O Holdn/Videos (Project Nonsense)/TV/Win or Lose/Win Or Lose Ep8.mp4,h264,High,852x480,852,480,0.49,24.0,24.0,yuv420p,False,OK,0,0,OK,NONE,No major warning was found by the current checks.
TV,/Volumes/Bag O Holdn/Videos (Project Nonsense)/TV/Youtube/JelloApocalypse Chef Skyrim.mp4,h264,Main,1280x720,1280,720,1.69,29.97,29.97,yuv420p,False,OK,0,0,OK,NONE,No major warning was found by the current checks.
TV,/Volumes/Bag O Holdn/Videos (Project Nonsense)/TV/Youtube/Failboat and Dough Dough race.mp4,h264,Main,1280x720,1280,720,1.06,30.0,30.0,yuv420p,False,OK,0,0,OK,NONE,No major warning was found by the current checks.
TV,/Volumes/Bag O Holdn/Videos (Project Nonsense)/TV/Youtube/Doug Doug ends 24 childern.mp4,h264,Main,1280x590,1280,590,0.47,30.0,30.0,yuv420p,False,OK,0,0,OK,NONE,No major warning was found by the current checks.
TV,/Volumes/Bag O Holdn/Videos (Project Nonsense)/TV/Youtube/KNIGHTS OF GUINEVERE PILOT.mp4,h264,Main,640x360,640,360,0.26,24.0,24.0,yuv420p,False,OK,0,0,OK,NONE,No major warning was found by the current checks.
TV,/Volumes/Bag O Holdn/Videos (Project Nonsense)/TV/Youtube/THE GASLIGHT DISTRICT PILOT.mp4,h264,Main,640x360,640,360,0.49,30.0,30.0,yuv420p,False,OK,0,0,OK,NONE,No major warning was found by the current checks.
TV,/Volumes/Bag O Holdn/Videos (Project Nonsense)/TV/Youtube/Miles is a Robot - [Episode 1].mp4,h264,Main,640x360,640,360,0.1,29.97,29.97,yuv420p,False,OK,0,0,OK,NONE,No major warning was found by the current checks.
TV,/Volumes/Bag O Holdn/Videos (Project Nonsense)/TV/Youtube/Miles is a Robot - [Episode 2].mp4,h264,Main,640x360,640,360,0.2,29.97,29.97,yuv420p,False,OK,0,0,OK,NONE,No major warning was found by the current checks.
TV,/Volumes/Bag O Holdn/Videos (Project Nonsense)/TV/Youtube/Miles is on Fire (Part 1:2).mp4,h264,Main,640x360,640,360,0.06,29.97,29.97,yuv420p,False,OK,0,0,OK,NONE,No major warning was found by the current checks.
TV,/Volumes/Bag O Holdn/Videos (Project Nonsense)/TV/Youtube/The Fruitless Quests Of Nabiu EPISODE 2.mp4,h264,High,1920x1080,1920,1080,0.91,23.976,23.976,yuv420p,False,OK,0,0,OK,NONE,No major warning was found by the current checks.
TV,/Volumes/Bag O Holdn/Videos (Project Nonsense)/TV/Youtube/Miles is on Fire (Part 2:2).mp4,h264,Main,640x360,640,360,0.07,29.97,29.97,yuv420p,False,OK,0,0,OK,NONE,No major warning was found by the current checks.
TV,/Volumes/Bag O Holdn/Videos (Project Nonsense)/TV/Youtube/Miles is a Robot - [Episode 3].mp4,h264,Main,640x360,640,360,0.1,29.97,29.97,yuv420p,False,OK,0,0,OK,NONE,No major warning was found by the current checks.
TV,/Volumes/Bag O Holdn/Videos (Project Nonsense)/TV/Youtube/Miles is a Robot - [Episode 4].mp4,h264,Main,640x360,640,360,0.19,29.97,29.97,yuv420p,False,OK,0,0,OK,NONE,No major warning was found by the current checks.
TV,"/Volumes/Bag O Holdn/Videos (Project Nonsense)/TV/Youtube/Miles is a Robot - [Episode 5, Finale].mp4",h264,Main,640x360,640,360,0.1,29.97,29.97,yuv420p,False,OK,0,0,OK,NONE,No major warning was found by the current checks.
TV,/Volumes/Bag O Holdn/Videos (Project Nonsense)/TV/Youtube/Pokémon Colosseum EP 1.mp4,h264,Main,640x360,640,360,0.16,29.97,29.97,yuv420p,False,OK,0,0,OK,NONE,No major warning was found by the current checks.
TV,/Volumes/Bag O Holdn/Videos (Project Nonsense)/TV/Youtube/Pokémon Colosseum EP 2.mp4,h264,Main,640x360,640,360,0.16,29.97,29.97,yuv420p,False,OK,0,0,OK,NONE,No major warning was found by the current checks.
TV,/Volumes/Bag O Holdn/Videos (Project Nonsense)/TV/Youtube/Pokémon Colosseum EP 3.com.mp4,h264,Main,640x360,640,360,0.14,29.97,29.97,yuv420p,False,OK,0,0,OK,NONE,No major warning was found by the current checks.
TV,/Volumes/Bag O Holdn/Videos (Project Nonsense)/TV/Youtube/Malcolm in the Middle S02E20 - Bowling.mp4,h264,Main,1920x1080,1920,1080,4.33,24.0,24.0,yuv420p,False,OK,0,0,OK,NONE,No major warning was found by the current checks.
TV,/Volumes/Bag O Holdn/Videos (Project Nonsense)/TV/Youtube/Sky Pirate Girlfriends.mp4,h264,Main,640x360,640,360,0.33,30.0,30.0,yuv420p,False,OK,0,0,OK,NONE,No major warning was found by the current checks.
TV,/Volumes/Bag O Holdn/Videos (Project Nonsense)/TV/Youtube/GAMEOVERSE- PILOT.mp4,h264,High,1920x1080,1920,1080,1.81,24.0,24.0,yuv420p,False,OK,0,0,OK,NONE,No major warning was found by the current checks.
TV,/Volumes/Bag O Holdn/Videos (Project Nonsense)/TV/Youtube/Indie Cross Ep1.mp4,h264,Main,640x360,640,360,0.29,24.0,24.0,yuv420p,False,OK,0,0,OK,NONE,No major warning was found by the current checks.
TV,/Volumes/Bag O Holdn/Videos (Project Nonsense)/TV/Youtube/Indie Cross Ep2.com.mp4,h264,Main,640x360,640,360,0.48,24.0,24.0,yuv420p,False,OK,0,0,OK,NONE,No major warning was found by the current checks.
TV,/Volumes/Bag O Holdn/Videos (Project Nonsense)/TV/Youtube/Malcolm in the Middle S04E03 - Family Reunion.mp4,h264,Main,1920x1080,1920,1080,4.46,24.0,24.0,yuv420p,False,OK,0,0,OK,NONE,No major warning was found by the current checks.
TV,"/Volumes/Bag O Holdn/Videos (Project Nonsense)/TV/Youtube/Doug Doug Skyrim, but 10 cheese wheels spawn every second.mp4",h264,High,1920x1080,1920,1080,4.14,60.0,60.0,yuv420p,False,HIGH FRAME RATE,1,75,HIGH,HIGH FRAME RATE,The video averages about 60.00 FPS. More frames per second means more work for the Pi.
TV,/Volumes/Bag O Holdn/Videos (Project Nonsense)/TV/Youtube/Malcolm in the Middle S04E10 - If Boys Were Girls.mp4,h264,Main,1920x1080,1920,1080,4.54,24.0,24.0,yuv420p,False,OK,0,0,OK,NONE,No major warning was found by the current checks.
TV,/Volumes/Bag O Holdn/Videos (Project Nonsense)/TV/Youtube/The Fruitless Quests Of Nabiu PILOT (EPISODE 1).mp4,h264,High,1920x1080,1920,1080,1.0,24.0,24.0,yuv420p,False,OK,0,0,OK,NONE,No major warning was found by the current checks.
TV,/Volumes/Bag O Holdn/Videos (Project Nonsense)/TV/Youtube/when the $10 youtube poop outsells call of duty.mp4,h264,Main,640x360,640,360,0.27,29.97,29.97,yuv420p,False,OK,0,0,OK,NONE,No major warning was found by the current checks.
TV,/Volumes/Bag O Holdn/Videos (Project Nonsense)/TV/Youtube/BUILT DIFFERENT. BUILT STUPID. | Left 4 Dead 2.mp4,h264,Main,640x360,640,360,0.39,29.97,29.97,yuv420p,False,OK,0,0,OK,NONE,No major warning was found by the current checks.
TV,/Volumes/Bag O Holdn/Videos (Project Nonsense)/TV/Youtube/How It's Actually Made - Chocolate.mp4,h264,Main,640x360,640,360,0.29,29.97,29.97,yuv420p,False,OK,0,0,OK,NONE,No major warning was found by the current checks.
TV,/Volumes/Bag O Holdn/Videos (Project Nonsense)/TV/Youtube/How It's Actually Made - Gold.mp4,h264,Main,640x360,640,360,0.24,25.0,25.0,yuv420p,False,OK,0,0,OK,NONE,No major warning was found by the current checks.
TV,/Volumes/Bag O Holdn/Videos (Project Nonsense)/TV/Youtube/How It's Actually Made - Diamonds.mp4,h264,Main,640x360,640,360,0.14,29.97,29.97,yuv420p,False,OK,0,0,OK,NONE,No major warning was found by the current checks.
TV,/Volumes/Bag O Holdn/Videos (Project Nonsense)/TV/Youtube/How It's Actually Made - Candles.mp4,h264,Main,640x360,640,360,0.22,30.0,30.0,yuv420p,False,OK,0,0,OK,NONE,No major warning was found by the current checks.
TV,/Volumes/Bag O Holdn/Videos (Project Nonsense)/TV/Youtube/How It's Actually Made - Peanut Butter.mp4,h264,Main,640x360,640,360,0.33,25.0,25.0,yuv420p,False,OK,0,0,OK,NONE,No major warning was found by the current checks.
TV,/Volumes/Bag O Holdn/Videos (Project Nonsense)/TV/Youtube/The King and the Golem.publer.com.mp4,h264,High,1920x1080,1920,1080,1.26,24.0,24.0,yuv420p,False,OK,0,0,OK,NONE,No major warning was found by the current checks.
TV,/Volumes/Bag O Holdn/Videos (Project Nonsense)/TV/Zombie Land/Zombie Land Saga Ep1.mp4,h264,High,852x480,852,480,0.41,23.976,23.976,yuv420p,False,OK,0,0,OK,NONE,No major warning was found by the current checks.
TV,/Volumes/Bag O Holdn/Videos (Project Nonsense)/TV/Zombie Land/Zombie Land Saga Ep2.mp4,h264,High,852x480,852,480,0.35,23.976,23.976,yuv420p,False,OK,0,0,OK,NONE,No major warning was found by the current checks.
TV,/Volumes/Bag O Holdn/Videos (Project Nonsense)/TV/Zombie Land/Zombie Land Saga Ep3.mp4,h264,High,852x480,852,480,0.41,23.976,23.976,yuv420p,False,OK,0,0,OK,NONE,No major warning was found by the current checks.
TV,/Volumes/Bag O Holdn/Videos (Project Nonsense)/TV/Zombie Land/Zombie Land Saga Ep4.mp4,h264,High,852x480,852,480,0.33,23.976,23.976,yuv420p,False,OK,0,0,OK,NONE,No major warning was found by the current checks.
TV,/Volumes/Bag O Holdn/Videos (Project Nonsense)/TV/Zombie Land/Zombie Land Saga Ep5.mp4,h264,High,852x480,852,480,0.39,23.976,23.976,yuv420p,False,OK,0,0,OK,NONE,No major warning was found by the current checks.
TV,/Volumes/Bag O Holdn/Videos (Project Nonsense)/TV/Zombie Land/Zombie Land Saga Ep6.mp4,h264,High,852x480,852,480,0.29,23.976,23.976,yuv420p,False,OK,0,0,OK,NONE,No major warning was found by the current checks.
TV,/Volumes/Bag O Holdn/Videos (Project Nonsense)/TV/Zombie Land/Zombie Land Saga Ep7.mp4,h264,High,852x480,852,480,0.4,23.976,23.976,yuv420p,False,OK,0,0,OK,NONE,No major warning was found by the current checks.
TV,/Volumes/Bag O Holdn/Videos (Project Nonsense)/TV/Zombie Land/Zombie Land Saga Ep8.mp4,h264,High,852x480,852,480,0.3,23.976,23.976,yuv420p,False,OK,0,0,OK,NONE,No major warning was found by the current checks.
TV,/Volumes/Bag O Holdn/Videos (Project Nonsense)/TV/Zombie Land/Zombie Land Saga Ep9.mp4,h264,High,852x480,852,480,0.33,23.978,23.978,yuv420p,False,OK,0,0,OK,NONE,No major warning was found by the current checks.
TV,/Volumes/Bag O Holdn/Videos (Project Nonsense)/TV/Zombie Land/Zombie Land Saga Ep10.mp4,h264,High,852x480,852,480,0.31,23.976,23.976,yuv420p,False,OK,0,0,OK,NONE,No major warning was found by the current checks.
TV,/Volumes/Bag O Holdn/Videos (Project Nonsense)/TV/Zombie Land/Zombie Land Saga Ep11.mp4,h264,High,852x480,852,480,0.22,23.976,23.976,yuv420p,False,OK,0,0,OK,NONE,No major warning was found by the current checks.
TV,/Volumes/Bag O Holdn/Videos (Project Nonsense)/TV/Zombie Land/Zombie Land Saga Ep12.mp4,h264,High,852x480,852,480,0.36,23.976,23.976,yuv420p,False,OK,0,0,OK,NONE,No major warning was found by the current checks.
TV,/Volumes/Bag O Holdn/Videos (Project Nonsense)/TV/Zombie Land/Zombie Land Saga Revenge Ep1.mp4,h264,High,852x480,852,480,0.32,23.976,23.976,yuv420p,False,OK,0,0,OK,NONE,No major warning was found by the current checks.
TV,/Volumes/Bag O Holdn/Videos (Project Nonsense)/TV/Zombie Land/Zombie Land Saga Revenge Ep2.mp4,h264,High,852x480,852,480,0.37,23.976,23.976,yuv420p,False,OK,0,0,OK,NONE,No major warning was found by the current checks.
TV,/Volumes/Bag O Holdn/Videos (Project Nonsense)/TV/Zombie Land/Zombie Land Saga Revenge Ep3.mp4,h264,High,852x480,852,480,0.31,23.976,23.976,yuv420p,False,OK,0,0,OK,NONE,No major warning was found by the current checks.
TV,/Volumes/Bag O Holdn/Videos (Project Nonsense)/TV/Zombie Land/Zombie Land Saga Revenge Ep4.mp4,h264,High,852x480,852,480,0.44,23.976,23.976,yuv420p,False,OK,0,0,OK,NONE,No major warning was found by the current checks.
TV,/Volumes/Bag O Holdn/Videos (Project Nonsense)/TV/Zombie Land/Zombie Land Saga Revenge Ep5.mp4,h264,High,852x480,852,480,0.31,23.976,23.976,yuv420p,False,OK,0,0,OK,NONE,No major warning was found by the current checks.
TV,/Volumes/Bag O Holdn/Videos (Project Nonsense)/TV/Zombie Land/Zombie Land Saga Revenge Ep6.mp4,h264,High,852x480,852,480,0.37,23.976,23.976,yuv420p,False,OK,0,0,OK,NONE,No major warning was found by the current checks.
TV,/Volumes/Bag O Holdn/Videos (Project Nonsense)/TV/Zombie Land/Zombie Land Saga Revenge Ep7.mp4,h264,High,852x480,852,480,0.31,23.976,23.976,yuv420p,False,OK,0,0,OK,NONE,No major warning was found by the current checks.
TV,/Volumes/Bag O Holdn/Videos (Project Nonsense)/TV/Zombie Land/Zombie Land Saga Revenge Ep8.mp4,h264,High,852x480,852,480,0.33,23.976,23.976,yuv420p,False,OK,0,0,OK,NONE,No major warning was found by the current checks.
TV,/Volumes/Bag O Holdn/Videos (Project Nonsense)/TV/Zombie Land/Zombie Land Saga Revenge Ep9.mp4,h264,High,852x480,852,480,0.34,47.952,47.952,yuv420p,False,HIGH FRAME RATE,1,75,HIGH,HIGH FRAME RATE,The video averages about 47.95 FPS. More frames per second means more work for the Pi.
TV,/Volumes/Bag O Holdn/Videos (Project Nonsense)/TV/Zombie Land/Zombie Land Saga Revenge Ep10.mp4,h264,High,852x480,852,480,0.27,23.976,23.976,yuv420p,False,OK,0,0,OK,NONE,No major warning was found by the current checks.
TV,/Volumes/Bag O Holdn/Videos (Project Nonsense)/TV/Zombie Land/Zombie Land Saga Revenge Ep11.mp4,h264,High,852x480,852,480,0.19,23.976,23.976,yuv420p,False,OK,0,0,OK,NONE,No major warning was found by the current checks.
TV,/Volumes/Bag O Holdn/Videos (Project Nonsense)/TV/Zombie Land/Zombie Land Saga Revenge Ep12.mp4,h264,High,852x480,852,480,0.55,23.976,23.976,yuv420p,False,OK,0,0,OK,NONE,No major warning was found by the current checks.
TV,/Volumes/Bag O Holdn/Videos (Project Nonsense)/TV/The Apothecary Diaries/The Apothecary Diaries Ep3.mp4,h264,High,852x480,852,480,0.25,23.976,23.976,yuv420p,False,OK,0,0,OK,NONE,No major warning was found by the current checks.
TV,/Volumes/Bag O Holdn/Videos (Project Nonsense)/TV/The Apothecary Diaries/The Apothecary Diaries Ep1.mp4,h264,High,852x480,852,480,0.33,23.976,23.976,yuv420p,False,OK,0,0,OK,NONE,No major warning was found by the current checks.
TV,/Volumes/Bag O Holdn/Videos (Project Nonsense)/TV/The Apothecary Diaries/The Apothecary Diaries Ep4.mp4,h264,High,852x480,852,480,0.28,23.976,23.976,yuv420p,False,OK,0,0,OK,NONE,No major warning was found by the current checks.
TV,/Volumes/Bag O Holdn/Videos (Project Nonsense)/TV/The Apothecary Diaries/The Apothecary Diaries Ep7.mp4,h264,High,852x480,852,480,0.29,23.976,23.976,yuv420p,False,OK,0,0,OK,NONE,No major warning was found by the current checks.
TV,/Volumes/Bag O Holdn/Videos (Project Nonsense)/TV/The Apothecary Diaries/The Apothecary Diaries Ep6.mp4,h264,High,852x480,852,480,0.32,23.976,23.976,yuv420p,False,OK,0,0,OK,NONE,No major warning was found by the current checks.
TV,/Volumes/Bag O Holdn/Videos (Project Nonsense)/TV/The Apothecary Diaries/The Apothecary Diaries Ep2.mp4,h264,High,852x480,852,480,0.29,23.976,23.976,yuv420p,False,OK,0,0,OK,NONE,No major warning was found by the current checks.
TV,/Volumes/Bag O Holdn/Videos (Project Nonsense)/TV/The Apothecary Diaries/The Apothecary Diaries Ep14.mp4,h264,High,852x480,852,480,0.27,23.976,23.976,yuv420p,False,OK,0,0,OK,NONE,No major warning was found by the current checks.
TV,/Volumes/Bag O Holdn/Videos (Project Nonsense)/TV/The Apothecary Diaries/The Apothecary Diaries Ep8.mp4,h264,High,852x480,852,480,0.3,23.976,23.976,yuv420p,False,OK,0,0,OK,NONE,No major warning was found by the current checks.
TV,/Volumes/Bag O Holdn/Videos (Project Nonsense)/TV/The Apothecary Diaries/The Apothecary Diaries Ep5.mp4,h264,High,852x480,852,480,0.33,23.976,23.976,yuv420p,False,OK,0,0,OK,NONE,No major warning was found by the current checks.
TV,/Volumes/Bag O Holdn/Videos (Project Nonsense)/TV/The Apothecary Diaries/The Apothecary Diaries Ep13.mp4,h264,High,852x480,852,480,0.23,23.976,23.976,yuv420p,False,OK,0,0,OK,NONE,No major warning was found by the current checks.
TV,/Volumes/Bag O Holdn/Videos (Project Nonsense)/TV/The Apothecary Diaries/The Apothecary Diaries Ep9.mp4,h264,High,852x480,852,480,0.27,23.976,23.976,yuv420p,False,OK,0,0,OK,NONE,No major warning was found by the current checks.
TV,/Volumes/Bag O Holdn/Videos (Project Nonsense)/TV/The Apothecary Diaries/The Apothecary Diaries Ep12.mp4,h264,High,852x480,852,480,0.31,23.976,23.976,yuv420p,False,OK,0,0,OK,NONE,No major warning was found by the current checks.
TV,/Volumes/Bag O Holdn/Videos (Project Nonsense)/TV/The Apothecary Diaries/The Apothecary Diaries Ep20.mp4,h264,High,852x480,852,480,0.22,23.976,23.976,yuv420p,False,OK,0,0,OK,NONE,No major warning was found by the current checks.
TV,/Volumes/Bag O Holdn/Videos (Project Nonsense)/TV/The Apothecary Diaries/The Apothecary Diaries Ep11.mp4,h264,High,852x480,852,480,0.27,23.976,23.976,yuv420p,False,OK,0,0,OK,NONE,No major warning was found by the current checks.
TV,/Volumes/Bag O Holdn/Videos (Project Nonsense)/TV/The Apothecary Diaries/The Apothecary Diaries Ep10.mp4,h264,High,852x480,852,480,0.3,23.976,23.976,yuv420p,False,OK,0,0,OK,NONE,No major warning was found by the current checks.
TV,/Volumes/Bag O Holdn/Videos (Project Nonsense)/TV/The Apothecary Diaries/The Apothecary Diaries Ep19.mp4,h264,High,852x480,852,480,0.25,23.976,23.976,yuv420p,False,OK,0,0,OK,NONE,No major warning was found by the current checks.
TV,/Volumes/Bag O Holdn/Videos (Project Nonsense)/TV/The Apothecary Diaries/The Apothecary Diaries Ep21.mp4,h264,High,852x480,852,480,0.26,23.976,23.976,yuv420p,False,OK,0,0,OK,NONE,No major warning was found by the current checks.
TV,/Volumes/Bag O Holdn/Videos (Project Nonsense)/TV/The Apothecary Diaries/The Apothecary Diaries Ep16.mp4,h264,High,852x480,852,480,0.21,23.976,23.976,yuv420p,False,OK,0,0,OK,NONE,No major warning was found by the current checks.
TV,/Volumes/Bag O Holdn/Videos (Project Nonsense)/TV/The Apothecary Diaries/The Apothecary Diaries Ep18.mp4,h264,High,852x480,852,480,0.23,23.976,23.976,yuv420p,False,OK,0,0,OK,NONE,No major warning was found by the current checks.
TV,/Volumes/Bag O Holdn/Videos (Project Nonsense)/TV/The Apothecary Diaries/The Apothecary Diaries Ep23.mp4,h264,High,852x480,852,480,0.27,23.976,23.976,yuv420p,False,OK,0,0,OK,NONE,No major warning was found by the current checks.
TV,/Volumes/Bag O Holdn/Videos (Project Nonsense)/TV/The Apothecary Diaries/The Apothecary Diaries Ep17.mp4,h264,High,852x480,852,480,0.26,23.976,23.976,yuv420p,False,OK,0,0,OK,NONE,No major warning was found by the current checks.
TV,/Volumes/Bag O Holdn/Videos (Project Nonsense)/TV/The Apothecary Diaries/The Apothecary Diaries Ep22.mp4,h264,High,852x480,852,480,0.28,23.976,23.976,yuv420p,False,OK,0,0,OK,NONE,No major warning was found by the current checks.
TV,/Volumes/Bag O Holdn/Videos (Project Nonsense)/TV/The Apothecary Diaries/The Apothecary Diaries Ep15.mp4,h264,Main,852x480,852,480,0.47,23.976,23.976,yuv420p,False,OK,0,0,OK,NONE,No major warning was found by the current checks.
TV,/Volumes/Bag O Holdn/Videos (Project Nonsense)/TV/The Apothecary Diaries/The Apothecary Diaries Ep24.mp4,h264,High,852x480,852,480,0.26,23.976,23.976,yuv420p,False,OK,0,0,OK,NONE,No major warning was found by the current checks.
TV,/Volumes/Bag O Holdn/Videos (Project Nonsense)/TV/Konosuba/KonoSuba Ep1.mp4,h264,High,852x480,852,480,0.35,23.976,23.976,yuv420p,False,OK,0,0,OK,NONE,No major warning was found by the current checks.
TV,/Volumes/Bag O Holdn/Videos (Project Nonsense)/TV/Konosuba/KonoSuba Ep5.mp4,h264,High,852x480,852,480,0.31,23.976,23.976,yuv420p,False,OK,0,0,OK,NONE,No major warning was found by the current checks.
TV,/Volumes/Bag O Holdn/Videos (Project Nonsense)/TV/Konosuba/KonoSuba Ep9.mp4,h264,High,852x480,852,480,0.27,23.976,23.976,yuv420p,False,OK,0,0,OK,NONE,No major warning was found by the current checks.
TV,/Volumes/Bag O Holdn/Videos (Project Nonsense)/TV/Konosuba/KonoSuba Ep3.mp4,h264,High,852x480,852,480,0.33,23.976,23.976,yuv420p,False,OK,0,0,OK,NONE,No major warning was found by the current checks.
TV,/Volumes/Bag O Holdn/Videos (Project Nonsense)/TV/Konosuba/KonoSuba Ep11.mp4,h264,High,852x480,852,480,0.26,23.976,23.976,yuv420p,False,OK,0,0,OK,NONE,No major warning was found by the current checks.
TV,/Volumes/Bag O Holdn/Videos (Project Nonsense)/TV/Konosuba/KonoSuba Ep2.mp4,h264,High,852x480,852,480,0.35,24.0,24.0,yuv420p,False,OK,0,0,OK,NONE,No major warning was found by the current checks.
TV,/Volumes/Bag O Holdn/Videos (Project Nonsense)/TV/Konosuba/KonoSuba Ep6.mp4,h264,High,852x480,852,480,0.47,24.0,24.0,yuv420p,False,OK,0,0,OK,NONE,No major warning was found by the current checks.
TV,/Volumes/Bag O Holdn/Videos (Project Nonsense)/TV/Konosuba/KonoSuba Ep4.mp4,h264,High,852x480,852,480,0.34,24.0,24.0,yuv420p,False,OK,0,0,OK,NONE,No major warning was found by the current checks.
TV,/Volumes/Bag O Holdn/Videos (Project Nonsense)/TV/Konosuba/KonoSuba Ep7.mp4,h264,High,852x480,852,480,0.28,23.976,23.976,yuv420p,False,OK,0,0,OK,NONE,No major warning was found by the current checks.
TV,/Volumes/Bag O Holdn/Videos (Project Nonsense)/TV/Konosuba/KonoSuba S2 Ep1.mp4,h264,High,852x480,852,480,0.3,23.976,23.976,yuv420p,False,OK,0,0,OK,NONE,No major warning was found by the current checks.
TV,/Volumes/Bag O Holdn/Videos (Project Nonsense)/TV/Konosuba/KonoSuba Ep10.mp4,h264,High,852x480,852,480,0.39,23.976,23.976,yuv420p,False,OK,0,0,OK,NONE,No major warning was found by the current checks.
TV,/Volumes/Bag O Holdn/Videos (Project Nonsense)/TV/Konosuba/KonoSuba Ep8.mp4,h264,High,852x480,852,480,0.29,24.0,24.0,yuv420p,False,OK,0,0,OK,NONE,No major warning was found by the current checks.
TV,/Volumes/Bag O Holdn/Videos (Project Nonsense)/TV/Konosuba/KonoSuba S2 Ep2.mp4,h264,High,852x480,852,480,0.32,23.976,23.976,yuv420p,False,OK,0,0,OK,NONE,No major warning was found by the current checks.
TV,/Volumes/Bag O Holdn/Videos (Project Nonsense)/TV/Konosuba/KonoSuba S2 Ep3.mp4,h264,High,852x480,852,480,0.31,23.976,23.976,yuv420p,False,OK,0,0,OK,NONE,No major warning was found by the current checks.
TV,/Volumes/Bag O Holdn/Videos (Project Nonsense)/TV/Konosuba/KonoSuba S2 Ep4.mp4,h264,High,852x480,852,480,0.3,23.976,23.976,yuv420p,False,OK,0,0,OK,NONE,No major warning was found by the current checks.
TV,/Volumes/Bag O Holdn/Videos (Project Nonsense)/TV/Konosuba/KonoSuba S2 Ep5.mp4,h264,High,852x480,852,480,0.31,23.976,23.976,yuv420p,False,OK,0,0,OK,NONE,No major warning was found by the current checks.
TV,/Volumes/Bag O Holdn/Videos (Project Nonsense)/TV/Konosuba/KonoSuba S2 Ep6.mp4,h264,High,852x480,852,480,0.29,23.976,23.976,yuv420p,False,OK,0,0,OK,NONE,No major warning was found by the current checks.
TV,/Volumes/Bag O Holdn/Videos (Project Nonsense)/TV/Konosuba/KonoSuba S2 Ep8.mp4,h264,High,852x480,852,480,0.38,23.976,23.976,yuv420p,False,OK,0,0,OK,NONE,No major warning was found by the current checks.
TV,/Volumes/Bag O Holdn/Videos (Project Nonsense)/TV/Konosuba/KonoSuba S2 E7.mp4,h264,High,852x480,852,480,0.3,23.976,23.976,yuv420p,False,OK,0,0,OK,NONE,No major warning was found by the current checks.
TV,/Volumes/Bag O Holdn/Videos (Project Nonsense)/TV/Konosuba/KonoSuba S2 Ep10.mp4,h264,High,852x480,852,480,0.43,23.976,23.976,yuv420p,False,OK,0,0,OK,NONE,No major warning was found by the current checks.
TV,/Volumes/Bag O Holdn/Videos (Project Nonsense)/TV/Konosuba/KonoSuba S2 Ep9.mp4,h264,High,852x480,852,480,0.29,23.976,23.976,yuv420p,False,OK,0,0,OK,NONE,No major warning was found by the current checks.
TV,/Volumes/Bag O Holdn/Videos (Project Nonsense)/TV/Konosuba/KonoSuba S2 Ep11.mp4,h264,High,852x480,852,480,0.29,23.976,23.976,yuv420p,False,OK,0,0,OK,NONE,No major warning was found by the current checks.
TV,/Volumes/Bag O Holdn/Videos (Project Nonsense)/TV/Konosuba/KonoSuba S2 Ep12-15 (Movie).mp4,h264,High,852x480,852,480,0.4,23.976,23.976,yuv420p,False,OK,0,0,OK,NONE,No major warning was found by the current checks.
TV,/Volumes/Bag O Holdn/Videos (Project Nonsense)/TV/Konosuba/KonoSuba S3 Ep2.mp4,h264,High,852x480,852,480,0.27,23.976,23.976,yuv420p,False,OK,0,0,OK,NONE,No major warning was found by the current checks.
TV,/Volumes/Bag O Holdn/Videos (Project Nonsense)/TV/Konosuba/KonoSuba S3 Ep1.mp4,h264,High,852x480,852,480,0.37,23.976,23.976,yuv420p,False,OK,0,0,OK,NONE,No major warning was found by the current checks.
TV,/Volumes/Bag O Holdn/Videos (Project Nonsense)/TV/Konosuba/KonoSuba S3 Ep4.mp4,h264,High,852x480,852,480,0.24,23.976,23.976,yuv420p,False,OK,0,0,OK,NONE,No major warning was found by the current checks.
TV,/Volumes/Bag O Holdn/Videos (Project Nonsense)/TV/Konosuba/KonoSuba S3 Ep5.mp4,h264,High,852x480,852,480,0.27,23.976,23.976,yuv420p,False,OK,0,0,OK,NONE,No major warning was found by the current checks.
TV,/Volumes/Bag O Holdn/Videos (Project Nonsense)/TV/Konosuba/KonoSuba S3 Ep6.mp4,h264,High,852x480,852,480,0.26,23.976,23.976,yuv420p,False,OK,0,0,OK,NONE,No major warning was found by the current checks.
TV,/Volumes/Bag O Holdn/Videos (Project Nonsense)/TV/Konosuba/KonoSuba S3 Ep3.mp4,h264,High,852x480,852,480,0.26,23.976,23.976,yuv420p,False,OK,0,0,OK,NONE,No major warning was found by the current checks.
TV,/Volumes/Bag O Holdn/Videos (Project Nonsense)/TV/Konosuba/KonoSuba S3 Ep9.mp4,h264,High,852x480,852,480,0.26,23.976,23.976,yuv420p,False,OK,0,0,OK,NONE,No major warning was found by the current checks.
TV,/Volumes/Bag O Holdn/Videos (Project Nonsense)/TV/Konosuba/KonoSuba S3 Ep10.mp4,h264,High,852x480,852,480,0.28,23.976,23.976,yuv420p,False,OK,0,0,OK,NONE,No major warning was found by the current checks.
TV,/Volumes/Bag O Holdn/Videos (Project Nonsense)/TV/Konosuba/KonoSuba S3 Ep8.mp4,h264,High,852x480,852,480,0.39,23.976,23.976,yuv420p,False,OK,0,0,OK,NONE,No major warning was found by the current checks.
TV,/Volumes/Bag O Holdn/Videos (Project Nonsense)/TV/Konosuba/KonoSuba S3 Ep11.mp4,h264,High,852x480,852,480,0.35,23.976,23.976,yuv420p,False,OK,0,0,OK,NONE,No major warning was found by the current checks.
TV,/Volumes/Bag O Holdn/Videos (Project Nonsense)/TV/Konosuba/KonoSuba S3 Ep7.mp4,h264,High,852x480,852,480,0.29,23.976,23.976,yuv420p,False,OK,0,0,OK,NONE,No major warning was found by the current checks.
TV,/Volumes/Bag O Holdn/Videos (Project Nonsense)/TV/My Adventures with Superman/My Adventures with Superman Ep10.mp4,h264,High,1284x720,1284,720,0.57,23.976,23.976,yuv420p,False,OK,0,0,OK,NONE,No major warning was found by the current checks.
TV,/Volumes/Bag O Holdn/Videos (Project Nonsense)/TV/My Adventures with Superman/My Adventures with Superman Ep1.mp4,h264,High,1280x720,1280,720,0.65,23.976,23.976,yuv420p,False,OK,0,0,OK,NONE,No major warning was found by the current checks.
TV,/Volumes/Bag O Holdn/Videos (Project Nonsense)/TV/My Adventures with Superman/My Adventures with Superman Ep2.mp4,h264,High,1280x720,1280,720,0.68,23.976,23.976,yuv420p,False,OK,0,0,OK,NONE,No major warning was found by the current checks.
TV,/Volumes/Bag O Holdn/Videos (Project Nonsense)/TV/My Adventures with Superman/My Adventures with Superman Ep3.mp4,h264,High,1280x720,1280,720,0.69,24.0,24.0,yuv420p,False,OK,0,0,OK,NONE,No major warning was found by the current checks.
TV,/Volumes/Bag O Holdn/Videos (Project Nonsense)/TV/My Adventures with Superman/My Adventures with Superman Ep8.mp4,h264,High,1280x720,1280,720,0.56,23.976,23.976,yuv420p,False,OK,0,0,OK,NONE,No major warning was found by the current checks.
TV,/Volumes/Bag O Holdn/Videos (Project Nonsense)/TV/My Adventures with Superman/My Adventures with Superman Ep5.mp4,h264,High,1280x720,1280,720,0.53,24.0,24.0,yuv420p,False,OK,0,0,OK,NONE,No major warning was found by the current checks.
TV,/Volumes/Bag O Holdn/Videos (Project Nonsense)/TV/My Adventures with Superman/My Adventures with Superman S2 Ep9.mp4,h264,High,1280x720,1280,720,0.58,23.976,23.976,yuv420p,False,OK,0,0,OK,NONE,No major warning was found by the current checks.
TV,/Volumes/Bag O Holdn/Videos (Project Nonsense)/TV/My Adventures with Superman/My Adventures with Superman Ep4.mp4,h264,High,1280x720,1280,720,0.57,24.0,24.0,yuv420p,False,OK,0,0,OK,NONE,No major warning was found by the current checks.
TV,/Volumes/Bag O Holdn/Videos (Project Nonsense)/TV/My Adventures with Superman/My Adventures with Superman Ep6.mp4,h264,High,1284x720,1284,720,0.65,23.976,23.976,yuv420p,False,OK,0,0,OK,NONE,No major warning was found by the current checks.
TV,/Volumes/Bag O Holdn/Videos (Project Nonsense)/TV/My Adventures with Superman/My Adventures with Superman Ep7.mp4,h264,High,1284x720,1284,720,0.57,23.976,23.976,yuv420p,False,OK,0,0,OK,NONE,No major warning was found by the current checks.
TV,/Volumes/Bag O Holdn/Videos (Project Nonsense)/TV/My Adventures with Superman/My Adventures with Superman Ep9.mp4,h264,High,1280x720,1280,720,0.6,24.0,24.0,yuv420p,False,OK,0,0,OK,NONE,No major warning was found by the current checks.
TV,/Volumes/Bag O Holdn/Videos (Project Nonsense)/TV/My Adventures with Superman/My Adventures with Superman S2 Ep1.mp4,h264,High,1280x720,1280,720,0.54,23.976,23.976,yuv420p,False,OK,0,0,OK,NONE,No major warning was found by the current checks.
TV,/Volumes/Bag O Holdn/Videos (Project Nonsense)/TV/My Adventures with Superman/My Adventures with Superman S2 Ep6.mp4,h264,High,1280x720,1280,720,0.55,23.976,23.976,yuv420p,False,OK,0,0,OK,NONE,No major warning was found by the current checks.
TV,/Volumes/Bag O Holdn/Videos (Project Nonsense)/TV/My Adventures with Superman/My Adventures with Superman S2 Ep3.mp4,h264,High,1280x720,1280,720,0.57,23.976,23.976,yuv420p,False,OK,0,0,OK,NONE,No major warning was found by the current checks.
TV,/Volumes/Bag O Holdn/Videos (Project Nonsense)/TV/My Adventures with Superman/My Adventures with Superman S2 Ep4.mp4,h264,High,1280x720,1280,720,0.48,23.976,23.976,yuv420p,False,OK,0,0,OK,NONE,No major warning was found by the current checks.
TV,/Volumes/Bag O Holdn/Videos (Project Nonsense)/TV/My Adventures with Superman/My Adventures with Superman S3 Ep3.mp4,h264,Main,1920x1080,1920,1080,1.84,23.976,23.976,yuv420p,False,OK,0,0,OK,NONE,No major warning was found by the current checks.
TV,/Volumes/Bag O Holdn/Videos (Project Nonsense)/TV/My Adventures with Superman/My Adventures with Superman S2 Ep5.mp4,h264,High,1280x720,1280,720,0.52,23.976,23.976,yuv420p,False,OK,0,0,OK,NONE,No major warning was found by the current checks.
TV,/Volumes/Bag O Holdn/Videos (Project Nonsense)/TV/My Adventures with Superman/My Adventures with Superman S2 Ep10.mp4,h264,High,1280x720,1280,720,0.82,23.976,23.976,yuv420p,False,OK,0,0,OK,NONE,No major warning was found by the current checks.
TV,/Volumes/Bag O Holdn/Videos (Project Nonsense)/TV/My Adventures with Superman/My Adventures with Superman S2 Ep8.mp4,h264,High,1280x720,1280,720,0.54,23.976,23.976,yuv420p,False,OK,0,0,OK,NONE,No major warning was found by the current checks.
TV,/Volumes/Bag O Holdn/Videos (Project Nonsense)/TV/My Adventures with Superman/My Adventures with Superman S2 Ep2.mp4,h264,High,1280x720,1280,720,0.5,23.976,23.976,yuv420p,False,OK,0,0,OK,NONE,No major warning was found by the current checks.
TV,/Volumes/Bag O Holdn/Videos (Project Nonsense)/TV/My Adventures with Superman/My Adventures with Superman S2 Ep7.mp4,h264,High,1280x720,1280,720,0.55,23.976,23.976,yuv420p,False,OK,0,0,OK,NONE,No major warning was found by the current checks.
TV,/Volumes/Bag O Holdn/Videos (Project Nonsense)/TV/My Adventures with Superman/My Adventures with Superman S3 Ep1.mp4,h264,Main,1920x1080,1920,1080,1.86,23.976,23.976,yuv420p,False,OK,0,0,OK,NONE,No major warning was found by the current checks.
TV,/Volumes/Bag O Holdn/Videos (Project Nonsense)/TV/My Adventures with Superman/My Adventures with Superman S3 Ep2.mp4,h264,Main,1920x1080,1920,1080,1.86,23.976,23.976,yuv420p,False,OK,0,0,OK,NONE,No major warning was found by the current checks.
TV,/Volumes/Bag O Holdn/Videos (Project Nonsense)/TV/Among Us/Among Us 5.mp4,h264,Main,1920x1080,1920,1080,3.37,24.0,24.0,yuv420p,False,OK,0,0,OK,NONE,No major warning was found by the current checks.
TV,/Volumes/Bag O Holdn/Videos (Project Nonsense)/TV/Among Us/Among Us 6.mp4,h264,Main,1920x1080,1920,1080,2.19,23.976,23.976,yuv420p,False,OK,0,0,OK,NONE,No major warning was found by the current checks.
TV,/Volumes/Bag O Holdn/Videos (Project Nonsense)/TV/Among Us/Among Us 4.mp4,h264,Main,1920x1080,1920,1080,3.81,24.0,24.0,yuv420p,False,OK,0,0,OK,NONE,No major warning was found by the current checks.
TV,/Volumes/Bag O Holdn/Videos (Project Nonsense)/TV/Among Us/Among Us 2.mp4,h264,Main,1920x1080,1920,1080,4.76,24.0,24.0,yuv420p,False,OK,0,0,OK,NONE,No major warning was found by the current checks.
TV,/Volumes/Bag O Holdn/Videos (Project Nonsense)/TV/Among Us/Among Us 3.mp4,h264,Main,1920x1080,1920,1080,3.04,24.0,24.0,yuv420p,False,OK,0,0,OK,NONE,No major warning was found by the current checks.
TV,/Volumes/Bag O Holdn/Videos (Project Nonsense)/TV/Among Us/Among Us 1.mp4,h264,Main,1920x1080,1920,1080,4.04,24.0,24.0,yuv420p,False,OK,0,0,OK,NONE,No major warning was found by the current checks.
TV,/Volumes/Bag O Holdn/Videos (Project Nonsense)/TV/Among Us/Among Us 7.mp4,h264,Main,1920x1080,1920,1080,3.12,24.0,24.0,yuv420p,False,OK,0,0,OK,NONE,No major warning was found by the current checks.
TV,/Volumes/Bag O Holdn/Videos (Project Nonsense)/TV/Among Us/Among Us 8.mp4,h264,Main,1920x1080,1920,1080,3.25,24.0,24.0,yuv420p,False,OK,0,0,OK,NONE,No major warning was found by the current checks.
TV,/Volumes/Bag O Holdn/Videos (Project Nonsense)/TV/Among Us/Among Us 9.mp4,h264,Main,1920x1080,1920,1080,3.84,23.976,23.976,yuv420p,False,OK,0,0,OK,NONE,No major warning was found by the current checks.
TV,/Volumes/Bag O Holdn/Videos (Project Nonsense)/TV/Among Us/Among Us 10.mp4,h264,Main,1920x1080,1920,1080,4.16,24.0,24.0,yuv420p,False,OK,0,0,OK,NONE,No major warning was found by the current checks.
TV,/Volumes/Bag O Holdn/Videos (Project Nonsense)/TV/Sailor Moon/Sailor Moon Ep 1.mp4,h264,High,852x480,852,480,0.4,23.976,23.976,yuv420p,False,OK,0,0,OK,NONE,No major warning was found by the current checks.
TV,/Volumes/Bag O Holdn/Videos (Project Nonsense)/TV/Sailor Moon/Sailor Moon Ep 2.mp4,h264,Main,852x480,852,480,1.11,23.976,23.976,yuv420p,False,OK,0,0,OK,NONE,No major warning was found by the current checks.
TV,/Volumes/Bag O Holdn/Videos (Project Nonsense)/TV/Sailor Moon/Sailor Moon Ep 3.mp4,h264,High,852x480,852,480,0.4,23.976,23.976,yuv420p,False,OK,0,0,OK,NONE,No major warning was found by the current checks.
TV,/Volumes/Bag O Holdn/Videos (Project Nonsense)/TV/Sailor Moon/Sailor Moon Ep 4.mp4,h264,High,852x480,852,480,0.39,23.976,23.976,yuv420p,False,OK,0,0,OK,NONE,No major warning was found by the current checks.
TV,/Volumes/Bag O Holdn/Videos (Project Nonsense)/TV/Sailor Moon/Sailor Moon Ep 5.mp4,h264,High,852x480,852,480,0.41,23.976,23.976,yuv420p,False,OK,0,0,OK,NONE,No major warning was found by the current checks.
TV,/Volumes/Bag O Holdn/Videos (Project Nonsense)/TV/Sailor Moon/Sailor Moon Ep 6.mp4,h264,Main,852x480,852,480,1.07,23.976,23.976,yuv420p,False,OK,0,0,OK,NONE,No major warning was found by the current checks.
TV,/Volumes/Bag O Holdn/Videos (Project Nonsense)/TV/Sailor Moon/Sailor Moon Ep 7.mp4,h264,High,852x480,852,480,0.42,23.976,23.976,yuv420p,False,OK,0,0,OK,NONE,No major warning was found by the current checks.
TV,/Volumes/Bag O Holdn/Videos (Project Nonsense)/TV/Sailor Moon/Sailor Moon Ep 8.mp4,h264,High,852x480,852,480,0.43,23.976,23.976,yuv420p,False,OK,0,0,OK,NONE,No major warning was found by the current checks.
TV,/Volumes/Bag O Holdn/Videos (Project Nonsense)/TV/Sailor Moon/Sailor Moon Ep 9.mp4,h264,High,852x480,852,480,0.44,23.976,23.976,yuv420p,False,OK,0,0,OK,NONE,No major warning was found by the current checks.
TV,/Volumes/Bag O Holdn/Videos (Project Nonsense)/TV/Sailor Moon/Sailor Moon Ep 10.mp4,h264,High,852x480,852,480,0.45,23.976,23.976,yuv420p,False,OK,0,0,OK,NONE,No major warning was found by the current checks.
TV,/Volumes/Bag O Holdn/Videos (Project Nonsense)/TV/Sailor Moon/Sailor Moon Ep 11.mp4,h264,Main,852x480,852,480,1.24,23.976,23.976,yuv420p,False,OK,0,0,OK,NONE,No major warning was found by the current checks.
TV,/Volumes/Bag O Holdn/Videos (Project Nonsense)/TV/Sailor Moon/Sailor Moon Ep 12.mp4,h264,High,852x480,852,480,0.43,23.976,23.976,yuv420p,False,OK,0,0,OK,NONE,No major warning was found by the current checks.
TV,/Volumes/Bag O Holdn/Videos (Project Nonsense)/TV/Sailor Moon/Sailor Moon Ep 13.mp4,h264,High,852x480,852,480,0.42,23.976,23.976,yuv420p,False,OK,0,0,OK,NONE,No major warning was found by the current checks.
TV,/Volumes/Bag O Holdn/Videos (Project Nonsense)/TV/Sailor Moon/Sailor Moon Ep 14.mp4,h264,Main,852x480,852,480,1.14,23.976,23.976,yuv420p,False,OK,0,0,OK,NONE,No major warning was found by the current checks.
TV,/Volumes/Bag O Holdn/Videos (Project Nonsense)/TV/Sailor Moon/Sailor Moon Ep 15.mp4,h264,Main,852x480,852,480,1.24,23.976,23.976,yuv420p,False,OK,0,0,OK,NONE,No major warning was found by the current checks.
TV,/Volumes/Bag O Holdn/Videos (Project Nonsense)/TV/Sailor Moon/Sailor Moon Ep 16.mp4,h264,High,852x480,852,480,0.46,23.976,23.976,yuv420p,False,OK,0,0,OK,NONE,No major warning was found by the current checks.
TV,/Volumes/Bag O Holdn/Videos (Project Nonsense)/TV/Sailor Moon/Sailor Moon Ep 17.mp4,h264,Main,852x480,852,480,1.13,23.976,23.976,yuv420p,False,OK,0,0,OK,NONE,No major warning was found by the current checks.
TV,/Volumes/Bag O Holdn/Videos (Project Nonsense)/TV/Sailor Moon/Sailor Moon Ep 18.mp4,h264,Main,852x480,852,480,1.1,23.976,23.976,yuv420p,False,OK,0,0,OK,NONE,No major warning was found by the current checks.
TV,/Volumes/Bag O Holdn/Videos (Project Nonsense)/TV/Sailor Moon/Sailor Moon Ep 19.mp4,h264,High,852x480,852,480,0.42,23.976,23.976,yuv420p,False,OK,0,0,OK,NONE,No major warning was found by the current checks.
TV,/Volumes/Bag O Holdn/Videos (Project Nonsense)/TV/Sailor Moon/Sailor Moon Ep 20.mp4,h264,High,852x480,852,480,0.42,23.976,23.976,yuv420p,False,OK,0,0,OK,NONE,No major warning was found by the current checks.
TV,/Volumes/Bag O Holdn/Videos (Project Nonsense)/TV/Sailor Moon/Sailor Moon Ep 21.mp4,h264,Main,852x480,852,480,1.15,23.976,23.976,yuv420p,False,OK,0,0,OK,NONE,No major warning was found by the current checks.
TV,/Volumes/Bag O Holdn/Videos (Project Nonsense)/TV/Sailor Moon/Sailor Moon Ep 22.mp4,h264,Main,852x480,852,480,1.11,23.976,23.976,yuv420p,False,OK,0,0,OK,NONE,No major warning was found by the current checks.
TV,/Volumes/Bag O Holdn/Videos (Project Nonsense)/TV/Sailor Moon/Sailor Moon Ep 23.mp4,h264,Main,852x480,852,480,1.06,23.976,23.976,yuv420p,False,OK,0,0,OK,NONE,No major warning was found by the current checks.
TV,/Volumes/Bag O Holdn/Videos (Project Nonsense)/TV/Sailor Moon/Sailor Moon Ep 24.mp4,h264,Main,852x480,852,480,1.11,23.976,23.976,yuv420p,False,OK,0,0,OK,NONE,No major warning was found by the current checks.
TV,/Volumes/Bag O Holdn/Videos (Project Nonsense)/TV/Sailor Moon/Sailor Moon Ep 25 fav.mp4,h264,Main,852x480,852,480,1.19,23.976,23.976,yuv420p,False,OK,0,0,OK,NONE,No major warning was found by the current checks.
TV,/Volumes/Bag O Holdn/Videos (Project Nonsense)/TV/Sailor Moon/Sailor Moon Ep 26.mp4,h264,High,852x480,852,480,0.47,23.976,23.976,yuv420p,False,OK,0,0,OK,NONE,No major warning was found by the current checks.
TV,/Volumes/Bag O Holdn/Videos (Project Nonsense)/TV/Sailor Moon/Sailor Moon Ep 28.mp4,h264,Main,852x480,852,480,1.15,23.976,23.976,yuv420p,False,OK,0,0,OK,NONE,No major warning was found by the current checks.
TV,/Volumes/Bag O Holdn/Videos (Project Nonsense)/TV/Sailor Moon/Sailor Moon Ep 27 fav.mp4,h264,Main,852x480,852,480,1.19,23.976,23.976,yuv420p,False,OK,0,0,OK,NONE,No major warning was found by the current checks.
TV,/Volumes/Bag O Holdn/Videos (Project Nonsense)/TV/Sailor Moon/Sailor Moon Ep 30 fav.mp4,h264,Main,852x480,852,480,1.18,23.976,23.976,yuv420p,False,OK,0,0,OK,NONE,No major warning was found by the current checks.
TV,/Volumes/Bag O Holdn/Videos (Project Nonsense)/TV/Sailor Moon/Sailor Moon Ep 29.mp4,h264,High,852x480,852,480,0.47,23.976,23.976,yuv420p,False,OK,0,0,OK,NONE,No major warning was found by the current checks.
TV,/Volumes/Bag O Holdn/Videos (Project Nonsense)/TV/Sailor Moon/Sailor Moon Ep 31.mp4,h264,Main,852x480,852,480,1.09,23.976,23.976,yuv420p,False,OK,0,0,OK,NONE,No major warning was found by the current checks.
TV,/Volumes/Bag O Holdn/Videos (Project Nonsense)/TV/Sailor Moon/Sailor Moon Ep 32.mp4,h264,High,852x480,852,480,0.44,23.976,23.976,yuv420p,False,OK,0,0,OK,NONE,No major warning was found by the current checks.
TV,/Volumes/Bag O Holdn/Videos (Project Nonsense)/TV/Sailor Moon/Sailor Moon Ep 33.mp4,h264,Main,852x480,852,480,1.08,23.976,23.976,yuv420p,False,OK,0,0,OK,NONE,No major warning was found by the current checks.
TV,/Volumes/Bag O Holdn/Videos (Project Nonsense)/TV/Sailor Moon/Sailor Moon Ep 34.mp4,h264,Main,852x480,852,480,1.08,23.976,23.976,yuv420p,False,OK,0,0,OK,NONE,No major warning was found by the current checks.
TV,/Volumes/Bag O Holdn/Videos (Project Nonsense)/TV/Sailor Moon/Sailor Moon Ep 35.mp4,h264,High,852x480,852,480,0.41,23.976,23.976,yuv420p,False,OK,0,0,OK,NONE,No major warning was found by the current checks.
TV,/Volumes/Bag O Holdn/Videos (Project Nonsense)/TV/Sailor Moon/Sailor Moon Ep 36.mp4,h264,Main,852x480,852,480,1.16,23.976,23.976,yuv420p,False,OK,0,0,OK,NONE,No major warning was found by the current checks.
TV,/Volumes/Bag O Holdn/Videos (Project Nonsense)/TV/Sailor Moon/Sailor Moon Ep 37.mp4,h264,Main,852x480,852,480,1.15,23.976,23.976,yuv420p,False,OK,0,0,OK,NONE,No major warning was found by the current checks.
TV,/Volumes/Bag O Holdn/Videos (Project Nonsense)/TV/Sailor Moon/Sailor Moon Ep 38.mp4,h264,Main,852x480,852,480,1.15,23.976,23.976,yuv420p,False,OK,0,0,OK,NONE,No major warning was found by the current checks.
TV,/Volumes/Bag O Holdn/Videos (Project Nonsense)/TV/Sailor Moon/Sailor Moon Ep 39.mp4,h264,High,852x480,852,480,0.48,23.976,23.976,yuv420p,False,OK,0,0,OK,NONE,No major warning was found by the current checks.
TV,/Volumes/Bag O Holdn/Videos (Project Nonsense)/TV/Sailor Moon/Sailor Moon Ep 40.mp4,h264,Main,852x480,852,480,1.09,23.976,23.976,yuv420p,False,OK,0,0,OK,NONE,No major warning was found by the current checks.
TV,/Volumes/Bag O Holdn/Videos (Project Nonsense)/TV/Sailor Moon/Sailor Moon Ep 41.mp4,h264,High,852x480,852,480,0.42,23.976,23.976,yuv420p,False,OK,0,0,OK,NONE,No major warning was found by the current checks.
TV,/Volumes/Bag O Holdn/Videos (Project Nonsense)/TV/Sailor Moon/Sailor Moon Ep 42.mp4,h264,High,852x480,852,480,0.45,23.976,23.976,yuv420p,False,OK,0,0,OK,NONE,No major warning was found by the current checks.
TV,/Volumes/Bag O Holdn/Videos (Project Nonsense)/TV/Sailor Moon/Sailor Moon Ep 43.mp4,h264,High,852x480,852,480,0.42,23.976,23.976,yuv420p,False,OK,0,0,OK,NONE,No major warning was found by the current checks.
TV,/Volumes/Bag O Holdn/Videos (Project Nonsense)/TV/Sailor Moon/Sailor Moon Ep 44.mp4,h264,Main,852x480,852,480,1.21,23.976,23.976,yuv420p,False,OK,0,0,OK,NONE,No major warning was found by the current checks.
TV,/Volumes/Bag O Holdn/Videos (Project Nonsense)/TV/Sailor Moon/Sailor Moon Ep 45.mp4,h264,High,852x480,852,480,0.48,23.976,23.976,yuv420p,False,OK,0,0,OK,NONE,No major warning was found by the current checks.
TV,/Volumes/Bag O Holdn/Videos (Project Nonsense)/TV/Sailor Moon/Sailor Moon Ep 46.mp4,h264,High,852x480,852,480,0.48,23.976,23.976,yuv420p,False,OK,0,0,OK,NONE,No major warning was found by the current checks.
TV,/Volumes/Bag O Holdn/Videos (Project Nonsense)/TV/Sailor Moon/Sailor Moon R Ep 47.mp4,h264,Main,1280x720,1280,720,1.96,23.976,23.976,yuv420p,False,OK,0,0,OK,NONE,No major warning was found by the current checks.
TV,/Volumes/Bag O Holdn/Videos (Project Nonsense)/TV/Sailor Moon/Sailor Moon R Ep 48.mp4,h264,Main,960x720,960,720,1.98,23.976,23.976,yuv420p,False,OK,0,0,OK,NONE,No major warning was found by the current checks.
TV,/Volumes/Bag O Holdn/Videos (Project Nonsense)/TV/Sailor Moon/Sailor Moon R Ep 49.mp4,h264,Main,640x480,640,480,1.0,23.976,23.976,yuv420p,False,OK,0,0,OK,NONE,No major warning was found by the current checks.
TV,/Volumes/Bag O Holdn/Videos (Project Nonsense)/TV/Sailor Moon/Sailor Moon R Ep 50.mp4,h264,Main,640x480,640,480,1.05,23.976,23.976,yuv420p,False,OK,0,0,OK,NONE,No major warning was found by the current checks.
TV,/Volumes/Bag O Holdn/Videos (Project Nonsense)/TV/Sailor Moon/Sailor Moon R Ep 51.mp4,h264,Main,640x480,640,480,1.09,23.976,23.976,yuv420p,False,OK,0,0,OK,NONE,No major warning was found by the current checks.
TV,/Volumes/Bag O Holdn/Videos (Project Nonsense)/TV/Justice League/Justice League Ep1.mp4,h264,High,640x480,640,480,0.38,23.976,23.976,yuv420p,False,OK,0,0,OK,NONE,No major warning was found by the current checks.
TV,/Volumes/Bag O Holdn/Videos (Project Nonsense)/TV/Justice League/Justice League Ep10.mp4,h264,High,852x480,852,480,0.54,23.976,23.976,yuv420p,False,OK,0,0,OK,NONE,No major warning was found by the current checks.
TV,/Volumes/Bag O Holdn/Videos (Project Nonsense)/TV/Justice League/Justice League Ep11.mp4,h264,High,852x480,852,480,0.54,23.976,23.976,yuv420p,False,OK,0,0,OK,NONE,No major warning was found by the current checks.
TV,/Volumes/Bag O Holdn/Videos (Project Nonsense)/TV/Justice League/Justice League Ep2.mp4,h264,High,640x480,640,480,0.44,23.976,23.976,yuv420p,False,OK,0,0,OK,NONE,No major warning was found by the current checks.
TV,/Volumes/Bag O Holdn/Videos (Project Nonsense)/TV/Justice League/Justice League Ep3.mp4,h264,High,640x480,640,480,0.41,23.976,23.976,yuv420p,False,OK,0,0,OK,NONE,No major warning was found by the current checks.
TV,/Volumes/Bag O Holdn/Videos (Project Nonsense)/TV/Justice League/Justice League Ep4.mp4,h264,High,640x480,640,480,0.41,23.976,23.976,yuv420p,False,OK,0,0,OK,NONE,No major warning was found by the current checks.
TV,/Volumes/Bag O Holdn/Videos (Project Nonsense)/TV/Justice League/Justice League Ep5.mp4,h264,High,640x480,640,480,0.43,23.976,23.976,yuv420p,False,OK,0,0,OK,NONE,No major warning was found by the current checks.
TV,/Volumes/Bag O Holdn/Videos (Project Nonsense)/TV/Justice League/Justice League Ep6.mp4,h264,High,852x480,852,480,0.56,23.976,23.976,yuv420p,False,OK,0,0,OK,NONE,No major warning was found by the current checks.
TV,/Volumes/Bag O Holdn/Videos (Project Nonsense)/TV/Justice League/Justice League Ep7.mp4,h264,High,852x480,852,480,0.59,23.976,23.976,yuv420p,False,OK,0,0,OK,NONE,No major warning was found by the current checks.
TV,/Volumes/Bag O Holdn/Videos (Project Nonsense)/TV/Justice League/Justice League Ep8.mp4,h264,High,852x480,852,480,0.62,23.976,23.976,yuv420p,False,OK,0,0,OK,NONE,No major warning was found by the current checks.
TV,/Volumes/Bag O Holdn/Videos (Project Nonsense)/TV/Justice League/Justice League Ep9.mp4,h264,High,852x480,852,480,0.63,23.976,23.976,yuv420p,False,OK,0,0,OK,NONE,No major warning was found by the current checks.
TV,/Volumes/Bag O Holdn/Videos (Project Nonsense)/TV/Justice League/Justice League Ep12.mp4,h264,High,1280x720,1280,720,0.95,23.976,23.976,yuv420p,False,OK,0,0,OK,NONE,No major warning was found by the current checks.
TV,/Volumes/Bag O Holdn/Videos (Project Nonsense)/TV/Justice League/Justice League Ep13.mp4,h264,High,1280x720,1280,720,0.83,23.976,23.976,yuv420p,False,OK,0,0,OK,NONE,No major warning was found by the current checks.
TV,/Volumes/Bag O Holdn/Videos (Project Nonsense)/TV/Justice League/Justice League Ep14.mp4,h264,High,1280x720,1280,720,0.75,23.976,23.976,yuv420p,False,OK,0,0,OK,NONE,No major warning was found by the current checks.
TV,/Volumes/Bag O Holdn/Videos (Project Nonsense)/TV/Justice League/Justice League Ep15.mp4,h264,High,1280x720,1280,720,0.94,23.976,23.976,yuv420p,False,OK,0,0,OK,NONE,No major warning was found by the current checks.
TV,/Volumes/Bag O Holdn/Videos (Project Nonsense)/TV/Justice League/Justice League Ep16.mp4,h264,High,1280x720,1280,720,1.06,23.976,23.976,yuv420p,False,OK,0,0,OK,NONE,No major warning was found by the current checks.
TV,/Volumes/Bag O Holdn/Videos (Project Nonsense)/TV/Justice League/Justice League Ep17.mp4,h264,High,1280x720,1280,720,1.05,23.976,23.976,yuv420p,False,OK,0,0,OK,NONE,No major warning was found by the current checks.
TV,/Volumes/Bag O Holdn/Videos (Project Nonsense)/TV/Justice League/Justice League Ep18.mp4,h264,High,1280x720,1280,720,0.91,23.976,23.976,yuv420p,False,OK,0,0,OK,NONE,No major warning was found by the current checks.
TV,/Volumes/Bag O Holdn/Videos (Project Nonsense)/TV/Justice League/Justice League Ep19.mp4,h264,High,1280x720,1280,720,0.85,23.976,23.976,yuv420p,False,OK,0,0,OK,NONE,No major warning was found by the current checks.
TV,/Volumes/Bag O Holdn/Videos (Project Nonsense)/TV/Justice League/Justice League Ep20.mp4,h264,High,1280x720,1280,720,0.88,23.976,23.976,yuv420p,False,OK,0,0,OK,NONE,No major warning was found by the current checks.
TV,/Volumes/Bag O Holdn/Videos (Project Nonsense)/TV/Justice League/Justice League Ep21.mp4,h264,High,1280x720,1280,720,0.94,23.976,23.976,yuv420p,False,OK,0,0,OK,NONE,No major warning was found by the current checks.
TV,/Volumes/Bag O Holdn/Videos (Project Nonsense)/TV/Justice League/Justice League Ep22.mp4,h264,High,1280x720,1280,720,0.76,23.976,23.976,yuv420p,False,OK,0,0,OK,NONE,No major warning was found by the current checks.
TV,/Volumes/Bag O Holdn/Videos (Project Nonsense)/TV/Justice League/Justice League Ep23.mp4,h264,High,1280x720,1280,720,0.8,23.976,23.976,yuv420p,False,OK,0,0,OK,NONE,No major warning was found by the current checks.
TV,/Volumes/Bag O Holdn/Videos (Project Nonsense)/TV/Justice League/Justice League Ep24.mp4,h264,High,1280x720,1280,720,0.84,23.976,23.976,yuv420p,False,OK,0,0,OK,NONE,No major warning was found by the current checks.
TV,/Volumes/Bag O Holdn/Videos (Project Nonsense)/TV/Justice League/Justice League Ep25.mp4,h264,High,1280x720,1280,720,0.77,23.976,23.976,yuv420p,False,OK,0,0,OK,NONE,No major warning was found by the current checks.
TV,/Volumes/Bag O Holdn/Videos (Project Nonsense)/TV/Justice League/Justice League Ep26.mp4,h264,High,1280x720,1280,720,0.75,23.976,23.976,yuv420p,False,OK,0,0,OK,NONE,No major warning was found by the current checks.
TV,/Volumes/Bag O Holdn/Videos (Project Nonsense)/TV/Justice League/Justice League Season 2 Ep1.mp4,h264,High,1280x720,1280,720,0.83,23.976,23.976,yuv420p,False,OK,0,0,OK,NONE,No major warning was found by the current checks.
TV,/Volumes/Bag O Holdn/Videos (Project Nonsense)/TV/Justice League/Justice League Season 2 Ep2.mp4,h264,High,1280x720,1280,720,1.03,23.976,23.976,yuv420p,False,OK,0,0,OK,NONE,No major warning was found by the current checks.
TV,/Volumes/Bag O Holdn/Videos (Project Nonsense)/TV/Justice League/Justice League Season 2 Ep3.mp4,h264,High,1280x720,1280,720,0.63,23.976,23.976,yuv420p,False,OK,0,0,OK,NONE,No major warning was found by the current checks.
TV,/Volumes/Bag O Holdn/Videos (Project Nonsense)/TV/Justice League/Justice League Season 2 Ep4.mp4,h264,High,1280x720,1280,720,0.61,23.976,23.976,yuv420p,False,OK,0,0,OK,NONE,No major warning was found by the current checks.
TV,/Volumes/Bag O Holdn/Videos (Project Nonsense)/TV/Justice League/Justice League Season 2 Ep5.mp4,h264,High,1280x720,1280,720,0.71,23.976,23.976,yuv420p,False,OK,0,0,OK,NONE,No major warning was found by the current checks.
TV,/Volumes/Bag O Holdn/Videos (Project Nonsense)/TV/Justice League/Justice League Season 2 Ep7.mp4,h264,High,1280x720,1280,720,0.64,23.976,23.976,yuv420p,False,OK,0,0,OK,NONE,No major warning was found by the current checks.
TV,/Volumes/Bag O Holdn/Videos (Project Nonsense)/TV/Justice League/Justice League Season 2 Ep6.mp4,h264,High,1280x720,1280,720,0.68,23.976,23.976,yuv420p,False,OK,0,0,OK,NONE,No major warning was found by the current checks.
TV,/Volumes/Bag O Holdn/Videos (Project Nonsense)/TV/Justice League/Justice League Season 2 Ep9.mp4,h264,High,1280x720,1280,720,0.79,23.976,23.976,yuv420p,False,OK,0,0,OK,NONE,No major warning was found by the current checks.
TV,/Volumes/Bag O Holdn/Videos (Project Nonsense)/TV/Justice League/Justice League Season 2 Ep8.mp4,h264,High,1280x720,1280,720,0.66,23.976,23.976,yuv420p,False,OK,0,0,OK,NONE,No major warning was found by the current checks.
TV,/Volumes/Bag O Holdn/Videos (Project Nonsense)/TV/Justice League/Justice League Season 2 Ep11.mp4,h264,High,1280x720,1280,720,0.87,23.976,23.976,yuv420p,False,OK,0,0,OK,NONE,No major warning was found by the current checks.
TV,/Volumes/Bag O Holdn/Videos (Project Nonsense)/TV/Justice League/Justice League Season 2 Ep12.mp4,h264,High,1280x720,1280,720,0.67,23.976,23.976,yuv420p,False,OK,0,0,OK,NONE,No major warning was found by the current checks.
TV,/Volumes/Bag O Holdn/Videos (Project Nonsense)/TV/Justice League/Justice League Season 2 Ep10.mp4,h264,High,1280x720,1280,720,0.86,23.976,23.976,yuv420p,False,OK,0,0,OK,NONE,No major warning was found by the current checks.
TV,/Volumes/Bag O Holdn/Videos (Project Nonsense)/TV/Justice League/Justice League Season 2 Ep14.mp4,h264,High,1280x720,1280,720,0.69,23.976,23.976,yuv420p,False,OK,0,0,OK,NONE,No major warning was found by the current checks.
TV,/Volumes/Bag O Holdn/Videos (Project Nonsense)/TV/Justice League/Justice League Season 2 Ep15.mp4,h264,High,1280x720,1280,720,1.06,23.976,23.976,yuv420p,False,OK,0,0,OK,NONE,No major warning was found by the current checks.
TV,/Volumes/Bag O Holdn/Videos (Project Nonsense)/TV/Justice League/Justice League Season 2 Ep13.mp4,h264,High,1280x720,1280,720,0.65,23.976,23.976,yuv420p,False,OK,0,0,OK,NONE,No major warning was found by the current checks.
TV,/Volumes/Bag O Holdn/Videos (Project Nonsense)/TV/Justice League/Justice League Season 2 Ep16.mp4,h264,High,1280x720,1280,720,1.22,23.976,23.976,yuv420p,False,OK,0,0,OK,NONE,No major warning was found by the current checks.
TV,/Volumes/Bag O Holdn/Videos (Project Nonsense)/TV/Justice League/Justice League Season 2 Ep17.mp4,h264,High,1280x720,1280,720,0.66,23.976,23.976,yuv420p,False,OK,0,0,OK,NONE,No major warning was found by the current checks.
TV,/Volumes/Bag O Holdn/Videos (Project Nonsense)/TV/Justice League/Justice League Season 2 Ep18.mp4,h264,High,1280x720,1280,720,0.9,23.976,23.976,yuv420p,False,OK,0,0,OK,NONE,No major warning was found by the current checks.
TV,/Volumes/Bag O Holdn/Videos (Project Nonsense)/TV/Justice League/Justice League Season 2 Ep19.mp4,h264,High,1280x720,1280,720,0.88,23.976,23.976,yuv420p,False,OK,0,0,OK,NONE,No major warning was found by the current checks.
TV,/Volumes/Bag O Holdn/Videos (Project Nonsense)/TV/Justice League/Justice League Season 2 Ep21.mp4,h264,High,1280x720,1280,720,0.75,23.976,23.976,yuv420p,False,OK,0,0,OK,NONE,No major warning was found by the current checks.
TV,/Volumes/Bag O Holdn/Videos (Project Nonsense)/TV/Justice League/Justice League Season 2 Ep22.mp4,h264,High,1280x720,1280,720,0.82,23.976,23.976,yuv420p,False,OK,0,0,OK,NONE,No major warning was found by the current checks.
TV,/Volumes/Bag O Holdn/Videos (Project Nonsense)/TV/Justice League/Justice League Season 2 Ep20.mp4,h264,High,1280x720,1280,720,0.7,23.976,23.976,yuv420p,False,OK,0,0,OK,NONE,No major warning was found by the current checks.
TV,/Volumes/Bag O Holdn/Videos (Project Nonsense)/TV/Justice League/Justice League Season 2 Ep23.mp4,h264,High,1280x720,1280,720,0.93,23.976,23.976,yuv420p,False,OK,0,0,OK,NONE,No major warning was found by the current checks.
TV,/Volumes/Bag O Holdn/Videos (Project Nonsense)/TV/Justice League/Justice League Season 2 Ep24.mp4,h264,High,1280x720,1280,720,0.8,23.976,23.976,yuv420p,False,OK,0,0,OK,NONE,No major warning was found by the current checks.
TV,/Volumes/Bag O Holdn/Videos (Project Nonsense)/TV/Justice League/Justice League Season 2 Ep25.mp4,h264,High,1280x720,1280,720,0.74,23.976,23.976,yuv420p,False,OK,0,0,OK,NONE,No major warning was found by the current checks.
TV,/Volumes/Bag O Holdn/Videos (Project Nonsense)/TV/Justice League/Justice League Season 2 Ep26.mp4,h264,High,1280x720,1280,720,0.89,23.976,23.976,yuv420p,False,OK,0,0,OK,NONE,No major warning was found by the current checks.
TV,/Volumes/Bag O Holdn/Videos (Project Nonsense)/TV/Justice League Unlimited/Justice League Unlimited Ep1.mp4,h264,High,1280x720,1280,720,0.8,23.976,23.976,yuv420p,False,OK,0,0,OK,NONE,No major warning was found by the current checks.
TV,/Volumes/Bag O Holdn/Videos (Project Nonsense)/TV/Justice League Unlimited/Justice League Unlimited Ep2.mp4,h264,High,1280x720,1280,720,0.71,23.976,23.976,yuv420p,False,OK,0,0,OK,NONE,No major warning was found by the current checks.
TV,/Volumes/Bag O Holdn/Videos (Project Nonsense)/TV/Justice League Unlimited/Justice League Unlimited Ep3.mp4,h264,High,1280x720,1280,720,0.94,23.976,23.976,yuv420p,False,OK,0,0,OK,NONE,No major warning was found by the current checks.
TV,/Volumes/Bag O Holdn/Videos (Project Nonsense)/TV/Justice League Unlimited/Justice League Unlimited Ep5.mp4,h264,High,1280x720,1280,720,0.57,23.976,23.976,yuv420p,False,OK,0,0,OK,NONE,No major warning was found by the current checks.
TV,/Volumes/Bag O Holdn/Videos (Project Nonsense)/TV/Justice League Unlimited/Justice League Unlimited Ep4.mp4,h264,High,1280x720,1280,720,0.78,23.976,23.976,yuv420p,False,OK,0,0,OK,NONE,No major warning was found by the current checks.
TV,/Volumes/Bag O Holdn/Videos (Project Nonsense)/TV/Justice League Unlimited/Justice League Unlimited Ep6.mp4,h264,High,1280x720,1280,720,0.59,23.976,23.976,yuv420p,False,OK,0,0,OK,NONE,No major warning was found by the current checks.
TV,/Volumes/Bag O Holdn/Videos (Project Nonsense)/TV/Justice League Unlimited/Justice League Unlimited Ep8.mp4,h264,High,1280x720,1280,720,0.78,23.976,23.976,yuv420p,False,OK,0,0,OK,NONE,No major warning was found by the current checks.
TV,/Volumes/Bag O Holdn/Videos (Project Nonsense)/TV/Justice League Unlimited/Justice League Unlimited Ep7.mp4,h264,High,1280x720,1280,720,1.0,23.976,23.976,yuv420p,False,OK,0,0,OK,NONE,No major warning was found by the current checks.
TV,/Volumes/Bag O Holdn/Videos (Project Nonsense)/TV/Justice League Unlimited/Justice League Unlimited Ep9.mp4,h264,High,1280x720,1280,720,0.82,23.976,23.976,yuv420p,False,OK,0,0,OK,NONE,No major warning was found by the current checks.
TV,/Volumes/Bag O Holdn/Videos (Project Nonsense)/TV/Justice League Unlimited/Justice League Unlimited Ep11.mp4,h264,High,1280x720,1280,720,0.81,23.976,23.976,yuv420p,False,OK,0,0,OK,NONE,No major warning was found by the current checks.
TV,/Volumes/Bag O Holdn/Videos (Project Nonsense)/TV/Justice League Unlimited/Justice League Unlimited Ep10.mp4,h264,High,1280x720,1280,720,1.05,23.976,23.976,yuv420p,False,OK,0,0,OK,NONE,No major warning was found by the current checks.
TV,/Volumes/Bag O Holdn/Videos (Project Nonsense)/TV/Justice League Unlimited/Justice League Unlimited Ep13.mp4,h264,High,1280x720,1280,720,0.83,23.976,23.976,yuv420p,False,OK,0,0,OK,NONE,No major warning was found by the current checks.
TV,/Volumes/Bag O Holdn/Videos (Project Nonsense)/TV/Justice League Unlimited/Justice League Unlimited Season 2 Ep1.mp4,h264,High,1280x720,1280,720,0.64,23.976,23.976,yuv420p,False,OK,0,0,OK,NONE,No major warning was found by the current checks.
TV,/Volumes/Bag O Holdn/Videos (Project Nonsense)/TV/Justice League Unlimited/Justice League Unlimited Ep12.mp4,h264,High,1280x720,1280,720,0.8,23.976,23.976,yuv420p,False,OK,0,0,OK,NONE,No major warning was found by the current checks.
TV,/Volumes/Bag O Holdn/Videos (Project Nonsense)/TV/Justice League Unlimited/Justice League Unlimited Season 2 Ep2.mp4,h264,High,1280x720,1280,720,0.81,23.976,23.976,yuv420p,False,OK,0,0,OK,NONE,No major warning was found by the current checks.
TV,/Volumes/Bag O Holdn/Videos (Project Nonsense)/TV/Justice League Unlimited/Justice League Unlimited Season 2 Ep3.mp4,h264,High,1280x720,1280,720,0.72,23.976,23.976,yuv420p,False,OK,0,0,OK,NONE,No major warning was found by the current checks.
TV,/Volumes/Bag O Holdn/Videos (Project Nonsense)/TV/Justice League Unlimited/Justice League Unlimited Season 2 Ep4.mp4,h264,High,1280x720,1280,720,0.63,23.976,23.976,yuv420p,False,OK,0,0,OK,NONE,No major warning was found by the current checks.
TV,/Volumes/Bag O Holdn/Videos (Project Nonsense)/TV/Justice League Unlimited/Justice League Unlimited Season 2 Ep5.mp4,h264,High,1280x720,1280,720,0.8,23.976,23.976,yuv420p,False,OK,0,0,OK,NONE,No major warning was found by the current checks.
TV,/Volumes/Bag O Holdn/Videos (Project Nonsense)/TV/Justice League Unlimited/Justice League Unlimited Season 2 Ep8.mp4,h264,High,1280x720,1280,720,0.82,23.976,23.976,yuv420p,False,OK,0,0,OK,NONE,No major warning was found by the current checks.
TV,/Volumes/Bag O Holdn/Videos (Project Nonsense)/TV/Justice League Unlimited/Justice League Unlimited Season 2 Ep6.mp4,h264,High,1280x720,1280,720,0.61,23.976,23.976,yuv420p,False,OK,0,0,OK,NONE,No major warning was found by the current checks.
TV,/Volumes/Bag O Holdn/Videos (Project Nonsense)/TV/Justice League Unlimited/Justice League Unlimited Season 2 Ep7.mp4,h264,High,1280x720,1280,720,0.7,23.976,23.976,yuv420p,False,OK,0,0,OK,NONE,No major warning was found by the current checks.
TV,/Volumes/Bag O Holdn/Videos (Project Nonsense)/TV/Justice League Unlimited/Justice League Unlimited Season 2 Ep9.mp4,h264,High,1280x720,1280,720,0.61,23.976,23.976,yuv420p,False,OK,0,0,OK,NONE,No major warning was found by the current checks.
TV,/Volumes/Bag O Holdn/Videos (Project Nonsense)/TV/Justice League Unlimited/Justice League Unlimited Season 2 Ep11.mp4,h264,High,1280x720,1280,720,0.62,23.976,23.976,yuv420p,False,OK,0,0,OK,NONE,No major warning was found by the current checks.
TV,/Volumes/Bag O Holdn/Videos (Project Nonsense)/TV/Justice League Unlimited/Justice League Unlimited Season 2 Ep10.mp4,h264,High,1280x720,1280,720,0.68,23.976,23.976,yuv420p,False,OK,0,0,OK,NONE,No major warning was found by the current checks.
TV,/Volumes/Bag O Holdn/Videos (Project Nonsense)/TV/Justice League Unlimited/Justice League Unlimited Season 2 Ep12.mp4,h264,High,1280x720,1280,720,0.95,23.976,23.976,yuv420p,False,OK,0,0,OK,NONE,No major warning was found by the current checks.
TV,/Volumes/Bag O Holdn/Videos (Project Nonsense)/TV/Justice League Unlimited/Justice League Unlimited Season 2 Ep13.mp4,h264,High,1280x720,1280,720,0.51,23.976,23.976,yuv420p,False,OK,0,0,OK,NONE,No major warning was found by the current checks.
TV,/Volumes/Bag O Holdn/Videos (Project Nonsense)/TV/Justice League Unlimited/Justice League Unlimited Season 3 Ep1.mp4,h264,High,1280x720,1280,720,0.76,23.976,23.976,yuv420p,False,OK,0,0,OK,NONE,No major warning was found by the current checks.
TV,/Volumes/Bag O Holdn/Videos (Project Nonsense)/TV/Justice League Unlimited/Justice League Unlimited Season 3 Ep2.mp4,h264,High,1280x720,1280,720,0.76,23.976,23.976,yuv420p,False,OK,0,0,OK,NONE,No major warning was found by the current checks.
TV,/Volumes/Bag O Holdn/Videos (Project Nonsense)/TV/Justice League Unlimited/Justice League Unlimited Season 3 Ep3.mp4,h264,High,1280x720,1280,720,0.99,23.976,23.976,yuv420p,False,OK,0,0,OK,NONE,No major warning was found by the current checks.
TV,/Volumes/Bag O Holdn/Videos (Project Nonsense)/TV/Justice League Unlimited/Justice League Unlimited Season 3 Ep4.mp4,h264,High,1280x720,1280,720,0.91,23.976,23.976,yuv420p,False,OK,0,0,OK,NONE,No major warning was found by the current checks.
TV,/Volumes/Bag O Holdn/Videos (Project Nonsense)/TV/Justice League Unlimited/Justice League Unlimited Season 3 Ep5.mp4,h264,High,1280x720,1280,720,0.73,23.976,23.976,yuv420p,False,OK,0,0,OK,NONE,No major warning was found by the current checks.
TV,/Volumes/Bag O Holdn/Videos (Project Nonsense)/TV/Justice League Unlimited/Justice League Unlimited Season 3 Ep6.mp4,h264,High,1280x720,1280,720,0.9,23.976,23.976,yuv420p,False,OK,0,0,OK,NONE,No major warning was found by the current checks.
TV,/Volumes/Bag O Holdn/Videos (Project Nonsense)/TV/Justice League Unlimited/Justice League Unlimited Season 3 Ep7.mp4,h264,High,1280x720,1280,720,0.89,23.976,23.976,yuv420p,False,OK,0,0,OK,NONE,No major warning was found by the current checks.
TV,/Volumes/Bag O Holdn/Videos (Project Nonsense)/TV/Justice League Unlimited/Justice League Unlimited Season 3 Ep8.mp4,h264,High,1280x720,1280,720,0.67,23.976,23.976,yuv420p,False,OK,0,0,OK,NONE,No major warning was found by the current checks.
TV,/Volumes/Bag O Holdn/Videos (Project Nonsense)/TV/Justice League Unlimited/Justice League Unlimited Season 3 Ep9.mp4,h264,High,1280x720,1280,720,0.74,23.976,23.976,yuv420p,False,OK,0,0,OK,NONE,No major warning was found by the current checks.
TV,/Volumes/Bag O Holdn/Videos (Project Nonsense)/TV/Justice League Unlimited/Justice League Unlimited Season 3 Ep10.mp4,h264,High,1280x720,1280,720,0.73,23.976,23.976,yuv420p,False,OK,0,0,OK,NONE,No major warning was found by the current checks.
TV,/Volumes/Bag O Holdn/Videos (Project Nonsense)/TV/Justice League Unlimited/Justice League Unlimited Season 3 Ep12.mp4,h264,High,1280x720,1280,720,0.87,23.976,23.976,yuv420p,False,OK,0,0,OK,NONE,No major warning was found by the current checks.
TV,/Volumes/Bag O Holdn/Videos (Project Nonsense)/TV/Justice League Unlimited/Justice League Unlimited Season 3 Ep11.mp4,h264,High,1280x720,1280,720,0.78,23.976,23.976,yuv420p,False,OK,0,0,OK,NONE,No major warning was found by the current checks.
TV,/Volumes/Bag O Holdn/Videos (Project Nonsense)/TV/Justice League Unlimited/Justice League Unlimited Season 3 Ep13.mp4,h264,High,1280x720,1280,720,1.12,23.976,23.976,yuv420p,False,OK,0,0,OK,NONE,No major warning was found by the current checks.
TV,/Volumes/Bag O Holdn/Videos (Project Nonsense)/TV/Gravity falls/Gravity Falls EP 1.mp4,h264,High,720x404,720,404,0.38,23.976,23.976,yuv420p,False,OK,0,0,OK,NONE,No major warning was found by the current checks.
TV,/Volumes/Bag O Holdn/Videos (Project Nonsense)/TV/Gravity falls/Gravity Falls EP 2.mp4,h264,High,1280x720,1280,720,0.76,23.976,23.976,yuv420p,False,OK,0,0,OK,NONE,No major warning was found by the current checks.
TV,/Volumes/Bag O Holdn/Videos (Project Nonsense)/TV/Gravity falls/Gravity Falls EP 3.mp4,h264,High,720x404,720,404,0.31,23.976,23.976,yuv420p,False,OK,0,0,OK,NONE,No major warning was found by the current checks.
TV,/Volumes/Bag O Holdn/Videos (Project Nonsense)/TV/Gravity falls/Gravity Falls EP 4.mp4,h264,High,720x404,720,404,0.28,23.976,23.976,yuv420p,False,OK,0,0,OK,NONE,No major warning was found by the current checks.
TV,/Volumes/Bag O Holdn/Videos (Project Nonsense)/TV/Gravity falls/Gravity Falls EP 5.mp4,h264,High,720x404,720,404,0.35,23.976,23.976,yuv420p,False,OK,0,0,OK,NONE,No major warning was found by the current checks.
TV,/Volumes/Bag O Holdn/Videos (Project Nonsense)/TV/Gravity falls/Gravity Falls EP 6.mp4,h264,High,720x404,720,404,0.34,23.976,23.976,yuv420p,False,OK,0,0,OK,NONE,No major warning was found by the current checks.
TV,/Volumes/Bag O Holdn/Videos (Project Nonsense)/TV/Gravity falls/Gravity Falls EP 7.mp4,h264,High,720x404,720,404,0.35,23.976,23.976,yuv420p,False,OK,0,0,OK,NONE,No major warning was found by the current checks.
TV,/Volumes/Bag O Holdn/Videos (Project Nonsense)/TV/Gravity falls/Gravity Falls EP 8.mp4,h264,High,720x406,720,406,0.34,23.976,23.976,yuv420p,False,OK,0,0,OK,NONE,No major warning was found by the current checks.
TV,/Volumes/Bag O Holdn/Videos (Project Nonsense)/TV/Gravity falls/Gravity Falls EP 9.mp4,h264,High,720x406,720,406,0.38,23.976,23.976,yuv420p,False,OK,0,0,OK,NONE,No major warning was found by the current checks.
TV,/Volumes/Bag O Holdn/Videos (Project Nonsense)/TV/Gravity falls/Gravity Falls EP 10.mp4,h264,High,640x480,640,480,0.38,30.0,30.0,yuv420p,False,OK,0,0,OK,NONE,No major warning was found by the current checks.
TV,/Volumes/Bag O Holdn/Videos (Project Nonsense)/TV/Gravity falls/Gravity Falls EP 11.mp4,h264,High,640x480,640,480,0.39,30.0,30.0,yuv420p,False,OK,0,0,OK,NONE,No major warning was found by the current checks.
TV,/Volumes/Bag O Holdn/Videos (Project Nonsense)/TV/Gravity falls/Gravity Falls EP 12.mp4,h264,High,720x404,720,404,0.28,23.976,23.975,yuv420p,False,OK,0,0,OK,NONE,No major warning was found by the current checks.
TV,/Volumes/Bag O Holdn/Videos (Project Nonsense)/TV/Gravity falls/Gravity Falls EP 13.mp4,h264,High,640x480,640,480,0.43,30.0,30.0,yuv420p,False,OK,0,0,OK,NONE,No major warning was found by the current checks.
TV,/Volumes/Bag O Holdn/Videos (Project Nonsense)/TV/Gravity falls/Gravity Falls EP 14.mp4,h264,High,640x480,640,480,0.44,30.0,30.0,yuv420p,False,OK,0,0,OK,NONE,No major warning was found by the current checks.
TV,/Volumes/Bag O Holdn/Videos (Project Nonsense)/TV/Gravity falls/Gravity Falls EP 15.mp4,h264,High,854x480,854,480,0.42,23.976,23.976,yuv420p,False,OK,0,0,OK,NONE,No major warning was found by the current checks.
TV,/Volumes/Bag O Holdn/Videos (Project Nonsense)/TV/Gravity falls/Gravity Falls EP 16.mp4,h264,High,640x480,640,480,0.46,30.0,30.0,yuv420p,False,OK,0,0,OK,NONE,No major warning was found by the current checks.
TV,/Volumes/Bag O Holdn/Videos (Project Nonsense)/TV/Gravity falls/Gravity Falls EP 17.mp4,h264,High,852x480,852,480,0.46,23.976,23.976,yuv420p,False,OK,0,0,OK,NONE,No major warning was found by the current checks.
TV,/Volumes/Bag O Holdn/Videos (Project Nonsense)/TV/Gravity falls/Gravity Falls EP 18.mp4,h264,High,852x480,852,480,0.46,23.976,23.976,yuv420p,False,OK,0,0,OK,NONE,No major warning was found by the current checks.
TV,/Volumes/Bag O Holdn/Videos (Project Nonsense)/TV/Gravity falls/Gravity Falls EP 19.mp4,h264,High,640x480,640,480,0.41,29.97,29.97,yuv420p,False,OK,0,0,OK,NONE,No major warning was found by the current checks.
TV,/Volumes/Bag O Holdn/Videos (Project Nonsense)/TV/Gravity falls/Gravity Falls EP 20.mp4,h264,High,854x480,854,480,0.45,23.976,23.976,yuv420p,False,OK,0,0,OK,NONE,No major warning was found by the current checks.
TV,/Volumes/Bag O Holdn/Videos (Project Nonsense)/TV/Gravity falls/Gravity Falls S2 EP 1.mp4,h264,High,852x480,852,480,0.52,23.976,23.974,yuv420p,False,OK,0,0,OK,NONE,No major warning was found by the current checks.
TV,/Volumes/Bag O Holdn/Videos (Project Nonsense)/TV/Gravity falls/Gravity Falls S2 EP 2.mp4,h264,High,852x480,852,480,0.46,23.976,23.974,yuv420p,False,OK,0,0,OK,NONE,No major warning was found by the current checks.
TV,/Volumes/Bag O Holdn/Videos (Project Nonsense)/TV/Gravity falls/Gravity Falls S2 EP 3.mp4,h264,High,852x480,852,480,0.44,30.0,30.0,yuv420p,False,OK,0,0,OK,NONE,No major warning was found by the current checks.
TV,/Volumes/Bag O Holdn/Videos (Project Nonsense)/TV/Gravity falls/Gravity Falls S2 EP 4.mp4,h264,High,852x480,852,480,0.46,23.976,23.976,yuv420p,False,OK,0,0,OK,NONE,No major warning was found by the current checks.
TV,/Volumes/Bag O Holdn/Videos (Project Nonsense)/TV/Gravity falls/Gravity Falls S2 EP 5.mp4,h264,High,720x404,720,404,0.35,23.976,23.976,yuv420p,False,OK,0,0,OK,NONE,No major warning was found by the current checks.
TV,/Volumes/Bag O Holdn/Videos (Project Nonsense)/TV/Gravity falls/Gravity Falls S2 EP 6.mp4,h264,High,852x480,852,480,0.41,23.976,23.976,yuv420p,False,OK,0,0,OK,NONE,No major warning was found by the current checks.
TV,/Volumes/Bag O Holdn/Videos (Project Nonsense)/TV/Gravity falls/Gravity Falls S2 EP 7.mp4,h264,High,852x480,852,480,0.48,23.976,23.976,yuv420p,False,OK,0,0,OK,NONE,No major warning was found by the current checks.
TV,/Volumes/Bag O Holdn/Videos (Project Nonsense)/TV/Gravity falls/Gravity Falls S2 EP 8.mp4,h264,High,852x480,852,480,0.46,23.976,23.976,yuv420p,False,OK,0,0,OK,NONE,No major warning was found by the current checks.
TV,/Volumes/Bag O Holdn/Videos (Project Nonsense)/TV/Gravity falls/Gravity Falls S2 EP 9.mp4,h264,High,640x480,640,480,0.37,23.976,23.976,yuv420p,False,OK,0,0,OK,NONE,No major warning was found by the current checks.
TV,/Volumes/Bag O Holdn/Videos (Project Nonsense)/TV/Gravity falls/Gravity Falls S2 EP 10.mp4,h264,High,720x404,720,404,0.43,23.976,23.976,yuv420p,False,OK,0,0,OK,NONE,No major warning was found by the current checks.
TV,/Volumes/Bag O Holdn/Videos (Project Nonsense)/TV/Gravity falls/Gravity Falls S2 EP 11.mp4,h264,High,1024x576,1024,576,0.64,23.976,23.976,yuv420p,False,OK,0,0,OK,NONE,No major warning was found by the current checks.
TV,/Volumes/Bag O Holdn/Videos (Project Nonsense)/TV/Gravity falls/Gravity Falls S2 EP 12.mp4,h264,High,1280x720,1280,720,1.13,23.976,23.974,yuv420p,False,OK,0,0,OK,NONE,No major warning was found by the current checks.
TV,/Volumes/Bag O Holdn/Videos (Project Nonsense)/TV/Gravity falls/Gravity Falls S2 EP 13.mp4,h264,High,1280x720,1280,720,1.21,23.976,23.976,yuv420p,False,OK,0,0,OK,NONE,No major warning was found by the current checks.
TV,/Volumes/Bag O Holdn/Videos (Project Nonsense)/TV/Gravity falls/Gravity Falls S2 EP 14.mp4,h264,High,1280x720,1280,720,1.34,23.976,23.976,yuv420p,False,OK,0,0,OK,NONE,No major warning was found by the current checks.
TV,/Volumes/Bag O Holdn/Videos (Project Nonsense)/TV/Gravity falls/Gravity Falls S2 EP 15.mp4,h264,High,1280x720,1280,720,1.68,23.976,23.976,yuv420p,False,OK,0,0,OK,NONE,No major warning was found by the current checks.
TV,/Volumes/Bag O Holdn/Videos (Project Nonsense)/TV/Gravity falls/Gravity Falls S2 EP 16.mp4,h264,High,1280x720,1280,720,1.47,23.976,23.976,yuv420p,False,OK,0,0,OK,NONE,No major warning was found by the current checks.
TV,/Volumes/Bag O Holdn/Videos (Project Nonsense)/TV/Gravity falls/Gravity Falls S2 EP 17.mp4,h264,High,640x360,640,360,0.38,23.976,23.975,yuv420p,False,OK,0,0,OK,NONE,No major warning was found by the current checks.
TV,/Volumes/Bag O Holdn/Videos (Project Nonsense)/TV/Gravity falls/Gravity Falls S2 EP 18.mp4,h264,High,1280x720,1280,720,1.53,23.976,23.976,yuv420p,False,OK,0,0,OK,NONE,No major warning was found by the current checks.
TV,/Volumes/Bag O Holdn/Videos (Project Nonsense)/TV/Gravity falls/Gravity Falls S2 EP 19.mp4,h264,High,1280x720,1280,720,1.8,23.976,23.976,yuv420p,False,OK,0,0,OK,NONE,No major warning was found by the current checks.
TV,/Volumes/Bag O Holdn/Videos (Project Nonsense)/TV/Gravity falls/Gravity Falls S2 EP 20.mp4,h264,High,1280x720,1280,720,1.54,23.976,23.974,yuv420p,False,OK,0,0,OK,NONE,No major warning was found by the current checks.
TV,/Volumes/Bag O Holdn/Videos (Project Nonsense)/TV/Miss Kobayashi/Miss Kobayashi Dragon Maid Ep 1.mp4,h264,High,1280x720,1280,720,0.87,23.976,23.976,yuv420p,False,OK,0,0,OK,NONE,No major warning was found by the current checks.
TV,/Volumes/Bag O Holdn/Videos (Project Nonsense)/TV/Miss Kobayashi/Miss Kobayashi Dragon Maid Ep 10.mp4,h264,High,1280x720,1280,720,0.78,23.976,23.976,yuv420p,False,OK,0,0,OK,NONE,No major warning was found by the current checks.
TV,/Volumes/Bag O Holdn/Videos (Project Nonsense)/TV/Miss Kobayashi/Miss Kobayashi Dragon Maid Ep 11.mp4,h264,High,1280x720,1280,720,0.58,23.976,23.976,yuv420p,False,OK,0,0,OK,NONE,No major warning was found by the current checks.
TV,/Volumes/Bag O Holdn/Videos (Project Nonsense)/TV/Miss Kobayashi/Miss Kobayashi Dragon Maid Ep 12.mp4,h264,High,1280x720,1280,720,0.75,23.976,23.976,yuv420p,False,OK,0,0,OK,NONE,No major warning was found by the current checks.
TV,/Volumes/Bag O Holdn/Videos (Project Nonsense)/TV/Miss Kobayashi/Miss Kobayashi Dragon Maid Ep 13.mp4,h264,High,1280x720,1280,720,0.67,23.976,23.976,yuv420p,False,OK,0,0,OK,NONE,No major warning was found by the current checks.
TV,/Volumes/Bag O Holdn/Videos (Project Nonsense)/TV/Miss Kobayashi/Miss Kobayashi Dragon Maid Ep 2.mp4,h264,High,1280x720,1280,720,0.79,23.976,23.976,yuv420p,False,OK,0,0,OK,NONE,No major warning was found by the current checks.
TV,/Volumes/Bag O Holdn/Videos (Project Nonsense)/TV/Miss Kobayashi/Miss Kobayashi Dragon Maid Ep 3.mp4,h264,High,1280x720,1280,720,0.75,23.976,23.976,yuv420p,False,OK,0,0,OK,NONE,No major warning was found by the current checks.
TV,/Volumes/Bag O Holdn/Videos (Project Nonsense)/TV/Miss Kobayashi/Miss Kobayashi Dragon Maid Ep 4.mp4,h264,High,1280x720,1280,720,0.74,23.976,23.976,yuv420p,False,OK,0,0,OK,NONE,No major warning was found by the current checks.
TV,/Volumes/Bag O Holdn/Videos (Project Nonsense)/TV/Miss Kobayashi/Miss Kobayashi Dragon Maid Ep 5.mp4,h264,High,1280x720,1280,720,0.76,23.976,23.976,yuv420p,False,OK,0,0,OK,NONE,No major warning was found by the current checks.
TV,/Volumes/Bag O Holdn/Videos (Project Nonsense)/TV/Miss Kobayashi/Miss Kobayashi Dragon Maid Ep 6.mp4,h264,High,1280x720,1280,720,0.7,23.976,23.976,yuv420p,False,OK,0,0,OK,NONE,No major warning was found by the current checks.
TV,/Volumes/Bag O Holdn/Videos (Project Nonsense)/TV/Miss Kobayashi/Miss Kobayashi Dragon Maid Ep 7.mp4,h264,High,1280x720,1280,720,0.73,23.976,23.976,yuv420p,False,OK,0,0,OK,NONE,No major warning was found by the current checks.
TV,/Volumes/Bag O Holdn/Videos (Project Nonsense)/TV/Miss Kobayashi/Miss Kobayashi Dragon Maid Ep 8.mp4,h264,High,1280x720,1280,720,0.7,23.976,23.976,yuv420p,False,OK,0,0,OK,NONE,No major warning was found by the current checks.
TV,/Volumes/Bag O Holdn/Videos (Project Nonsense)/TV/Miss Kobayashi/Miss Kobayashi Dragon Maid Ep 9.mp4,h264,High,1280x720,1280,720,0.72,23.976,23.976,yuv420p,False,OK,0,0,OK,NONE,No major warning was found by the current checks.
TV,/Volumes/Bag O Holdn/Videos (Project Nonsense)/TV/Miss Kobayashi/Miss Kobayashi Dragon Maid S2 Ep 1.mp4,h264,High,1280x720,1280,720,1.06,23.976,23.976,yuv420p,False,OK,0,0,OK,NONE,No major warning was found by the current checks.
TV,/Volumes/Bag O Holdn/Videos (Project Nonsense)/TV/Miss Kobayashi/Miss Kobayashi Dragon Maid S2 Ep 10.mp4,h264,High,1280x720,1280,720,0.95,23.976,23.976,yuv420p,False,OK,0,0,OK,NONE,No major warning was found by the current checks.
TV,/Volumes/Bag O Holdn/Videos (Project Nonsense)/TV/Miss Kobayashi/Miss Kobayashi Dragon Maid S2 Ep 11.mp4,h264,High,1280x720,1280,720,0.81,23.976,23.976,yuv420p,False,OK,0,0,OK,NONE,No major warning was found by the current checks.
TV,/Volumes/Bag O Holdn/Videos (Project Nonsense)/TV/Miss Kobayashi/Miss Kobayashi Dragon Maid S2 Ep 12.mp4,h264,High,1280x720,1280,720,0.98,23.976,23.976,yuv420p,False,OK,0,0,OK,NONE,No major warning was found by the current checks.
TV,/Volumes/Bag O Holdn/Videos (Project Nonsense)/TV/Miss Kobayashi/Miss Kobayashi Dragon Maid S2 Ep 2.mp4,h264,High,1280x720,1280,720,0.86,23.976,23.976,yuv420p,False,OK,0,0,OK,NONE,No major warning was found by the current checks.
TV,/Volumes/Bag O Holdn/Videos (Project Nonsense)/TV/Miss Kobayashi/Miss Kobayashi Dragon Maid S2 Ep 3.mp4,h264,High,1280x720,1280,720,0.88,23.976,23.976,yuv420p,False,OK,0,0,OK,NONE,No major warning was found by the current checks.
TV,/Volumes/Bag O Holdn/Videos (Project Nonsense)/TV/Miss Kobayashi/Miss Kobayashi Dragon Maid S2 Ep 4.mp4,h264,High,1280x720,1280,720,0.96,23.976,23.976,yuv420p,False,OK,0,0,OK,NONE,No major warning was found by the current checks.
TV,/Volumes/Bag O Holdn/Videos (Project Nonsense)/TV/Miss Kobayashi/Miss Kobayashi Dragon Maid S2 Ep 5.mp4,h264,High,1280x720,1280,720,0.85,23.976,23.976,yuv420p,False,OK,0,0,OK,NONE,No major warning was found by the current checks.
TV,/Volumes/Bag O Holdn/Videos (Project Nonsense)/TV/Miss Kobayashi/Miss Kobayashi Dragon Maid S2 Ep 6.mp4,h264,High,1280x720,1280,720,0.8,23.976,23.976,yuv420p,False,OK,0,0,OK,NONE,No major warning was found by the current checks.
TV,/Volumes/Bag O Holdn/Videos (Project Nonsense)/TV/Miss Kobayashi/Miss Kobayashi Dragon Maid S2 Ep 7.mp4,h264,High,1280x720,1280,720,0.84,23.976,23.976,yuv420p,False,OK,0,0,OK,NONE,No major warning was found by the current checks.
TV,/Volumes/Bag O Holdn/Videos (Project Nonsense)/TV/Miss Kobayashi/Miss Kobayashi Dragon Maid S2 Ep 8.mp4,h264,High,1280x720,1280,720,0.84,23.976,23.976,yuv420p,False,OK,0,0,OK,NONE,No major warning was found by the current checks.
TV,/Volumes/Bag O Holdn/Videos (Project Nonsense)/TV/Miss Kobayashi/Miss Kobayashi Dragon Maid S2 Ep 9.mp4,h264,High,1280x720,1280,720,1.09,23.976,23.976,yuv420p,False,OK,0,0,OK,NONE,No major warning was found by the current checks.
TV,/Volumes/Bag O Holdn/Videos (Project Nonsense)/TV/Witch Hat Atelier/Witch Hat Atelier Ep 1.mp4,h264,Main,1280x720,1280,720,1.26,23.976,23.976,yuv420p,False,OK,0,0,OK,NONE,No major warning was found by the current checks.
TV,/Volumes/Bag O Holdn/Videos (Project Nonsense)/TV/Witch Hat Atelier/Witch Hat Atelier Ep 10.mp4,h264,Main,1280x720,1280,720,0.72,23.976,23.976,yuv420p,False,OK,0,0,OK,NONE,No major warning was found by the current checks.
TV,/Volumes/Bag O Holdn/Videos (Project Nonsense)/TV/Witch Hat Atelier/Witch Hat Atelier Ep 11.mp4,h264,Main,1280x720,1280,720,1.26,23.976,23.976,yuv420p,False,OK,0,0,OK,NONE,No major warning was found by the current checks.
TV,/Volumes/Bag O Holdn/Videos (Project Nonsense)/TV/Witch Hat Atelier/Witch Hat Atelier Ep 12.mp4,h264,Main,1280x720,1280,720,1.09,23.976,23.976,yuv420p,False,OK,0,0,OK,NONE,No major warning was found by the current checks.
TV,/Volumes/Bag O Holdn/Videos (Project Nonsense)/TV/Witch Hat Atelier/Witch Hat Atelier Ep 13.mp4,h264,Main,1280x720,1280,720,1.36,23.976,23.976,yuv420p,False,OK,0,0,OK,NONE,No major warning was found by the current checks.
TV,/Volumes/Bag O Holdn/Videos (Project Nonsense)/TV/Witch Hat Atelier/Witch Hat Atelier Ep 2.mp4,h264,Main,1280x720,1280,720,1.2,23.976,23.976,yuv420p,False,OK,0,0,OK,NONE,No major warning was found by the current checks.
TV,/Volumes/Bag O Holdn/Videos (Project Nonsense)/TV/Witch Hat Atelier/Witch Hat Atelier Ep 3.mp4,h264,Main,1280x720,1280,720,1.4,23.976,23.976,yuv420p,False,OK,0,0,OK,NONE,No major warning was found by the current checks.
TV,/Volumes/Bag O Holdn/Videos (Project Nonsense)/TV/Witch Hat Atelier/Witch Hat Atelier Ep 4.mp4,h264,Main,1280x720,1280,720,1.48,23.976,23.976,yuv420p,False,OK,0,0,OK,NONE,No major warning was found by the current checks.
TV,/Volumes/Bag O Holdn/Videos (Project Nonsense)/TV/Witch Hat Atelier/Witch Hat Atelier Ep 5.mp4,h264,Main,1280x720,1280,720,1.52,23.976,23.976,yuv420p,False,OK,0,0,OK,NONE,No major warning was found by the current checks.
TV,/Volumes/Bag O Holdn/Videos (Project Nonsense)/TV/Witch Hat Atelier/Witch Hat Atelier Ep 6.mp4,h264,Main,1280x720,1280,720,1.18,23.976,23.976,yuv420p,False,OK,0,0,OK,NONE,No major warning was found by the current checks.
TV,/Volumes/Bag O Holdn/Videos (Project Nonsense)/TV/Witch Hat Atelier/Witch Hat Atelier Ep 7.mp4,h264,Main,1280x720,1280,720,1.31,23.976,23.976,yuv420p,False,OK,0,0,OK,NONE,No major warning was found by the current checks.
TV,/Volumes/Bag O Holdn/Videos (Project Nonsense)/TV/Witch Hat Atelier/Witch Hat Atelier Ep 8.mp4,h264,Main,1280x720,1280,720,1.17,23.976,23.976,yuv420p,False,OK,0,0,OK,NONE,No major warning was found by the current checks.
TV,/Volumes/Bag O Holdn/Videos (Project Nonsense)/TV/Witch Hat Atelier/Witch Hat Atelier Ep 9.mp4,h264,Main,1280x720,1280,720,1.43,23.976,23.976,yuv420p,False,OK,0,0,OK,NONE,No major warning was found by the current checks.
TV,/Volumes/Bag O Holdn/Videos (Project Nonsense)/TV/X-Men Evolution/X-Men Evolution Ep 1.mp4,h264,Main,944x720,944,720,1.09,29.97,29.97,yuv420p,False,OK,0,0,OK,NONE,No major warning was found by the current checks.
TV,/Volumes/Bag O Holdn/Videos (Project Nonsense)/TV/X-Men Evolution/X-Men Evolution Ep 10.mp4,h264,Main,944x720,944,720,1.03,29.97,29.97,yuv420p,False,OK,0,0,OK,NONE,No major warning was found by the current checks.
TV,/Volumes/Bag O Holdn/Videos (Project Nonsense)/TV/X-Men Evolution/X-Men Evolution Ep 11.mp4,h264,Main,944x720,944,720,1.3,29.97,29.97,yuv420p,False,OK,0,0,OK,NONE,No major warning was found by the current checks.
TV,/Volumes/Bag O Holdn/Videos (Project Nonsense)/TV/X-Men Evolution/X-Men Evolution Ep 12 & 13.mp4,h264,High,640x480,640,480,0.51,23.976,23.974,yuv420p,False,OK,0,0,OK,NONE,No major warning was found by the current checks.
TV,/Volumes/Bag O Holdn/Videos (Project Nonsense)/TV/X-Men Evolution/X-Men Evolution Ep 14.mp4,h264,Main,960x720,960,720,1.76,29.97,29.97,yuv420p,False,OK,0,0,OK,NONE,No major warning was found by the current checks.
TV,/Volumes/Bag O Holdn/Videos (Project Nonsense)/TV/X-Men Evolution/X-Men Evolution Ep 15.mp4,h264,Main,954x720,954,720,1.13,29.97,29.97,yuv420p,False,OK,0,0,OK,NONE,No major warning was found by the current checks.
TV,/Volumes/Bag O Holdn/Videos (Project Nonsense)/TV/X-Men Evolution/X-Men Evolution Ep 16.mp4,h264,Main,960x720,960,720,1.14,29.97,29.97,yuv420p,False,OK,0,0,OK,NONE,No major warning was found by the current checks.
TV,/Volumes/Bag O Holdn/Videos (Project Nonsense)/TV/X-Men Evolution/X-Men Evolution Ep 17.mp4,h264,Main,954x720,954,720,1.06,29.97,29.97,yuv420p,False,OK,0,0,OK,NONE,No major warning was found by the current checks.
TV,/Volumes/Bag O Holdn/Videos (Project Nonsense)/TV/X-Men Evolution/X-Men Evolution Ep 18.mp4,h264,Main,952x720,952,720,0.96,29.97,29.97,yuv420p,False,OK,0,0,OK,NONE,No major warning was found by the current checks.
TV,/Volumes/Bag O Holdn/Videos (Project Nonsense)/TV/X-Men Evolution/X-Men Evolution Ep 19.mp4,h264,Main,960x720,960,720,2.25,29.97,29.97,yuv420p,False,OK,0,0,OK,NONE,No major warning was found by the current checks.
TV,/Volumes/Bag O Holdn/Videos (Project Nonsense)/TV/X-Men Evolution/X-Men Evolution Ep 2.mp4,h264,Main,960x720,960,720,1.07,29.97,29.97,yuv420p,False,OK,0,0,OK,NONE,No major warning was found by the current checks.
TV,/Volumes/Bag O Holdn/Videos (Project Nonsense)/TV/X-Men Evolution/X-Men Evolution Ep 20.mp4,h264,Main,960x720,960,720,1.24,29.97,29.97,yuv420p,False,OK,0,0,OK,NONE,No major warning was found by the current checks.
TV,/Volumes/Bag O Holdn/Videos (Project Nonsense)/TV/X-Men Evolution/X-Men Evolution Ep 21.mp4,h264,Main,944x720,944,720,1.05,29.97,29.97,yuv420p,False,OK,0,0,OK,NONE,No major warning was found by the current checks.
TV,/Volumes/Bag O Holdn/Videos (Project Nonsense)/TV/X-Men Evolution/X-Men Evolution Ep 22.mp4,h264,Main,960x720,960,720,1.03,29.97,29.97,yuv420p,False,OK,0,0,OK,NONE,No major warning was found by the current checks.
TV,/Volumes/Bag O Holdn/Videos (Project Nonsense)/TV/X-Men Evolution/X-Men Evolution Ep 23.mp4,h264,Main,954x720,954,720,1.19,29.97,29.97,yuv420p,False,OK,0,0,OK,NONE,No major warning was found by the current checks.
TV,/Volumes/Bag O Holdn/Videos (Project Nonsense)/TV/X-Men Evolution/X-Men Evolution Ep 24.mp4,h264,Main,960x720,960,720,1.1,29.97,29.97,yuv420p,False,OK,0,0,OK,NONE,No major warning was found by the current checks.
TV,/Volumes/Bag O Holdn/Videos (Project Nonsense)/TV/X-Men Evolution/X-Men Evolution Ep 25.mp4,h264,Main,960x720,960,720,1.28,29.97,29.97,yuv420p,False,OK,0,0,OK,NONE,No major warning was found by the current checks.
TV,/Volumes/Bag O Holdn/Videos (Project Nonsense)/TV/X-Men Evolution/X-Men Evolution Ep 27.mp4,h264,Main,960x720,960,720,1.43,29.97,29.97,yuv420p,False,OK,0,0,OK,NONE,No major warning was found by the current checks.
TV,/Volumes/Bag O Holdn/Videos (Project Nonsense)/TV/X-Men Evolution/X-Men Evolution Ep 28.mp4,h264,Main,956x720,956,720,1.12,29.97,29.97,yuv420p,False,OK,0,0,OK,NONE,No major warning was found by the current checks.
TV,/Volumes/Bag O Holdn/Videos (Project Nonsense)/TV/X-Men Evolution/X-Men Evolution Ep 29 & 30.mp4,h264,High,640x480,640,480,0.44,23.976,23.976,yuv420p,False,OK,0,0,OK,NONE,No major warning was found by the current checks.
TV,/Volumes/Bag O Holdn/Videos (Project Nonsense)/TV/X-Men Evolution/X-Men Evolution Ep 3.mp4,h264,Main,944x720,944,720,1.01,29.97,29.97,yuv420p,False,OK,0,0,OK,NONE,No major warning was found by the current checks.
TV,/Volumes/Bag O Holdn/Videos (Project Nonsense)/TV/X-Men Evolution/X-Men Evolution Ep 31.mp4,h264,Main,960x720,960,720,1.29,29.97,29.97,yuv420p,False,OK,0,0,OK,NONE,No major warning was found by the current checks.
TV,/Volumes/Bag O Holdn/Videos (Project Nonsense)/TV/X-Men Evolution/X-Men Evolution Ep 32.mp4,h264,Main,956x720,956,720,1.32,29.97,29.97,yuv420p,False,OK,0,0,OK,NONE,No major warning was found by the current checks.
TV,/Volumes/Bag O Holdn/Videos (Project Nonsense)/TV/X-Men Evolution/X-Men Evolution Ep 33.mp4,h264,Main,956x720,956,720,1.23,29.97,29.97,yuv420p,False,OK,0,0,OK,NONE,No major warning was found by the current checks.
TV,/Volumes/Bag O Holdn/Videos (Project Nonsense)/TV/X-Men Evolution/X-Men Evolution Ep 34.mp4,h264,Main,956x720,956,720,1.19,29.97,29.97,yuv420p,False,OK,0,0,OK,NONE,No major warning was found by the current checks.
TV,/Volumes/Bag O Holdn/Videos (Project Nonsense)/TV/X-Men Evolution/X-Men Evolution Ep 35.mp4,h264,Main,960x720,960,720,1.09,29.97,29.97,yuv420p,False,OK,0,0,OK,NONE,No major warning was found by the current checks.
TV,/Volumes/Bag O Holdn/Videos (Project Nonsense)/TV/X-Men Evolution/X-Men Evolution Ep 36.mp4,h264,Main,960x720,960,720,1.33,29.97,29.97,yuv420p,False,OK,0,0,OK,NONE,No major warning was found by the current checks.
TV,/Volumes/Bag O Holdn/Videos (Project Nonsense)/TV/X-Men Evolution/X-Men Evolution Ep 37.mp4,h264,Main,956x720,956,720,1.29,29.97,29.97,yuv420p,False,OK,0,0,OK,NONE,No major warning was found by the current checks.
TV,/Volumes/Bag O Holdn/Videos (Project Nonsense)/TV/X-Men Evolution/X-Men Evolution Ep 38.mp4,h264,Main,960x720,960,720,1.49,29.97,29.97,yuv420p,False,OK,0,0,OK,NONE,No major warning was found by the current checks.
TV,/Volumes/Bag O Holdn/Videos (Project Nonsense)/TV/X-Men Evolution/X-Men Evolution Ep 39.mp4,h264,Main,960x720,960,720,1.18,29.97,29.97,yuv420p,False,OK,0,0,OK,NONE,No major warning was found by the current checks.
TV,/Volumes/Bag O Holdn/Videos (Project Nonsense)/TV/X-Men Evolution/X-Men Evolution Ep 4.mp4,h264,Main,956x720,956,720,1.15,29.97,29.97,yuv420p,False,OK,0,0,OK,NONE,No major warning was found by the current checks.
TV,/Volumes/Bag O Holdn/Videos (Project Nonsense)/TV/X-Men Evolution/X-Men Evolution Ep 40.mp4,h264,Main,960x720,960,720,1.62,29.97,29.97,yuv420p,False,OK,0,0,OK,NONE,No major warning was found by the current checks.
TV,/Volumes/Bag O Holdn/Videos (Project Nonsense)/TV/X-Men Evolution/X-Men Evolution Ep 41.mp4,h264,Main,956x720,956,720,1.12,29.97,29.97,yuv420p,False,OK,0,0,OK,NONE,No major warning was found by the current checks.
TV,/Volumes/Bag O Holdn/Videos (Project Nonsense)/TV/X-Men Evolution/X-Men Evolution Ep 42 & 43.mp4,h264,High,640x480,640,480,0.48,23.976,23.975,yuv420p,False,OK,0,0,OK,NONE,No major warning was found by the current checks.
TV,/Volumes/Bag O Holdn/Videos (Project Nonsense)/TV/X-Men Evolution/X-Men Evolution Ep 44.mp4,h264,Main,960x720,960,720,1.06,29.97,29.97,yuv420p,False,OK,0,0,OK,NONE,No major warning was found by the current checks.
TV,/Volumes/Bag O Holdn/Videos (Project Nonsense)/TV/X-Men Evolution/X-Men Evolution Ep 45.mp4,h264,Main,948x720,948,720,1.52,29.97,29.97,yuv420p,False,OK,0,0,OK,NONE,No major warning was found by the current checks.
TV,/Volumes/Bag O Holdn/Videos (Project Nonsense)/TV/X-Men Evolution/X-Men Evolution Ep 46.mp4,h264,Main,956x720,956,720,1.12,29.97,29.97,yuv420p,False,OK,0,0,OK,NONE,No major warning was found by the current checks.
TV,/Volumes/Bag O Holdn/Videos (Project Nonsense)/TV/X-Men Evolution/X-Men Evolution Ep 47.mp4,h264,Main,948x720,948,720,1.18,29.97,29.97,yuv420p,False,OK,0,0,OK,NONE,No major warning was found by the current checks.
TV,/Volumes/Bag O Holdn/Videos (Project Nonsense)/TV/X-Men Evolution/X-Men Evolution Ep 48.mp4,h264,Main,956x720,956,720,1.02,29.97,29.97,yuv420p,False,OK,0,0,OK,NONE,No major warning was found by the current checks.
TV,/Volumes/Bag O Holdn/Videos (Project Nonsense)/TV/X-Men Evolution/X-Men Evolution Ep 49.mp4,h264,Main,948x720,948,720,1.31,29.97,29.97,yuv420p,False,OK,0,0,OK,NONE,No major warning was found by the current checks.
TV,/Volumes/Bag O Holdn/Videos (Project Nonsense)/TV/X-Men Evolution/X-Men Evolution Ep 5.mp4,h264,Main,944x720,944,720,1.09,29.97,29.97,yuv420p,False,OK,0,0,OK,NONE,No major warning was found by the current checks.
TV,/Volumes/Bag O Holdn/Videos (Project Nonsense)/TV/X-Men Evolution/X-Men Evolution Ep 50.mp4,h264,Main,956x720,956,720,1.15,29.97,29.97,yuv420p,False,OK,0,0,OK,NONE,No major warning was found by the current checks.
TV,/Volumes/Bag O Holdn/Videos (Project Nonsense)/TV/X-Men Evolution/X-Men Evolution Ep 51.mp4,h264,Main,948x720,948,720,1.47,29.97,29.97,yuv420p,False,OK,0,0,OK,NONE,No major warning was found by the current checks.
TV,/Volumes/Bag O Holdn/Videos (Project Nonsense)/TV/X-Men Evolution/X-Men Evolution Ep 52.mp4,h264,High,480x360,480,360,0.44,23.976,23.976,yuv420p,False,OK,0,0,OK,NONE,No major warning was found by the current checks.
TV,/Volumes/Bag O Holdn/Videos (Project Nonsense)/TV/X-Men Evolution/X-Men Evolution Ep 6.mp4,h264,Main,944x720,944,720,1.16,29.97,29.97,yuv420p,False,OK,0,0,OK,NONE,No major warning was found by the current checks.
TV,/Volumes/Bag O Holdn/Videos (Project Nonsense)/TV/X-Men Evolution/X-Men Evolution Ep 7.mp4,h264,Main,944x720,944,720,1.7,29.97,29.97,yuv420p,False,OK,0,0,OK,NONE,No major warning was found by the current checks.
TV,/Volumes/Bag O Holdn/Videos (Project Nonsense)/TV/X-Men Evolution/X-Men Evolution Ep 8.mp4,h264,Main,944x720,944,720,1.36,29.97,29.97,yuv420p,False,OK,0,0,OK,NONE,No major warning was found by the current checks.
TV,/Volumes/Bag O Holdn/Videos (Project Nonsense)/TV/X-Men Evolution/X-Men Evolution Ep 9.mp4,h264,Main,944x720,944,720,1.14,29.97,29.97,yuv420p,False,OK,0,0,OK,NONE,No major warning was found by the current checks.
Movie,/Volumes/Bag O Holdn/Videos (Project Nonsense)/Movies/Lego Batman Movie.mp4,h264,High,1146x480,1146,480,0.89,23.976,23.976,yuv420p,False,OK,0,0,OK,NONE,No major warning was found by the current checks.
Movie,/Volumes/Bag O Holdn/Videos (Project Nonsense)/Movies/Phineas and Ferb the Movie Across the 2nd Dimension.mp4,h264,High,1280x720,1280,720,0.75,23.976,23.976,yuv420p,False,OK,0,0,OK,NONE,No major warning was found by the current checks.
Movie,/Volumes/Bag O Holdn/Videos (Project Nonsense)/Movies/Phineas and Ferb the Movie Candace Against the Universe.mp4,h264,High,1280x720,1280,720,0.84,23.976,23.976,yuv420p,False,OK,0,0,OK,NONE,No major warning was found by the current checks.
Movie,/Volumes/Bag O Holdn/Videos (Project Nonsense)/Movies/RRR (2022).mp4,h264,High,990x520,990,520,1.47,24.0,24.0,yuv420p,False,OK,0,0,OK,NONE,No major warning was found by the current checks.
Movie,/Volumes/Bag O Holdn/Videos (Project Nonsense)/Movies/Spider Man Into the Spider-Verse.mp4,h264,High,1280x720,1280,720,1.24,23.976,23.976,yuv420p,False,OK,0,0,OK,NONE,No major warning was found by the current checks.
Movie,/Volumes/Bag O Holdn/Videos (Project Nonsense)/Movies/Howl's Moving Castle.mp4,h264,High,624x336,624,336,0.4,23.976,23.976,yuv420p,False,OK,0,0,OK,NONE,No major warning was found by the current checks.
Movie,/Volumes/Bag O Holdn/Videos (Project Nonsense)/Movies/Kiki’s Delivery Service.mp4,h264,Main,888x480,888,480,1.17,23.976,23.976,yuv420p,False,OK,0,0,OK,NONE,No major warning was found by the current checks.
Movie,/Volumes/Bag O Holdn/Videos (Project Nonsense)/Movies/My Neighbor Totoro.mp4,h264,High,640x352,640,352,0.31,25.0,25.0,yuv420p,False,OK,0,0,OK,NONE,No major warning was found by the current checks.
Movie,/Volumes/Bag O Holdn/Videos (Project Nonsense)/Movies/Sonic the Hedgehog 3.mp4,h264,High,1152x480,1152,480,0.84,23.976,23.976,yuv420p,False,OK,0,0,OK,NONE,No major warning was found by the current checks.
Movie,/Volumes/Bag O Holdn/Videos (Project Nonsense)/Movies/Sonic the Hedgehog 1.mp4,h264,High,852x480,852,480,0.43,23.976,23.976,yuv420p,False,OK,0,0,OK,NONE,No major warning was found by the current checks.
Movie,/Volumes/Bag O Holdn/Videos (Project Nonsense)/Movies/The Wild Robot.mp4,h264,Main,1140x480,1140,480,1.75,23.976,23.976,yuv420p,False,OK,0,0,OK,NONE,No major warning was found by the current checks.
Movie,/Volumes/Bag O Holdn/Videos (Project Nonsense)/Movies/The Bad Guys 1.mp4,h264,High,1146x480,1146,480,0.64,23.976,23.976,yuv420p,False,OK,0,0,OK,NONE,No major warning was found by the current checks.
Movie,/Volumes/Bag O Holdn/Videos (Project Nonsense)/Movies/Sonic the Hedgehog 2.mp4,h264,High,852x480,852,480,0.61,29.97,29.97,yuv420p,False,OK,0,0,OK,NONE,No major warning was found by the current checks.
Movie,/Volumes/Bag O Holdn/Videos (Project Nonsense)/Movies/Cradle Unsouled.mp4,h264,High,1920x1080,1920,1080,1.33,24.0,24.0,yuv420p,False,OK,0,0,OK,NONE,No major warning was found by the current checks.
Movie,/Volumes/Bag O Holdn/Videos (Project Nonsense)/Movies/Flow.mp4,h264,High,958x480,958,480,0.96,24.0,24.0,yuv420p,False,OK,0,0,OK,NONE,No major warning was found by the current checks.
Movie,/Volumes/Bag O Holdn/Videos (Project Nonsense)/Movies/The Peanuts Movie.mp4,h264,High,1024x576,1024,576,0.69,23.976,23.976,yuv420p,False,OK,0,0,OK,NONE,No major warning was found by the current checks.
Movie,/Volumes/Bag O Holdn/Videos (Project Nonsense)/Movies/The Emperor’s New Groove.mp4,h264,Main,852x480,852,480,0.82,23.976,23.976,yuv420p,False,OK,0,0,OK,NONE,No major warning was found by the current checks.
Movie,/Volumes/Bag O Holdn/Videos (Project Nonsense)/Movies/Do not watch until it makes it way to theaters.mp4,h264,Main,1920x1080,1920,1080,2.8,23.976,23.976,yuv420p,False,OK,0,0,OK,NONE,No major warning was found by the current checks.
Movie,/Volumes/Bag O Holdn/Videos (Project Nonsense)/Movies/WolfWalkers.mp4,h264,High,888x480,888,480,0.68,23.976,23.976,yuv420p,False,OK,0,0,OK,NONE,No major warning was found by the current checks.
Movie,/Volumes/Bag O Holdn/Videos (Project Nonsense)/Movies/Encanto.mp4,h264,High,892x480,892,480,0.64,23.976,23.976,yuv420p,False,OK,0,0,OK,NONE,No major warning was found by the current checks.
Movie,/Volumes/Bag O Holdn/Videos (Project Nonsense)/Movies/Pokemon Detective Pikachu.mp4,h264,High,1146x480,1146,480,0.85,23.976,23.976,yuv420p,False,OK,0,0,OK,NONE,No major warning was found by the current checks.
Movie,/Volumes/Bag O Holdn/Videos (Project Nonsense)/Movies/Puss in Boots The Last Wish.mp4,h264,High,1146x480,1146,480,1.03,23.976,23.976,yuv420p,False,OK,0,0,OK,NONE,No major warning was found by the current checks.
Movie,/Volumes/Bag O Holdn/Videos (Project Nonsense)/Movies/Kronk’s New Groove.mp4,h264,High,852x480,852,480,0.51,23.976,23.976,yuv420p,False,OK,0,0,OK,NONE,No major warning was found by the current checks.
Movie,/Volumes/Bag O Holdn/Videos (Project Nonsense)/Movies/The Bad Guys 2.mp4,h264,Main,1152x480,1152,480,1.47,23.976,23.976,yuv420p,False,OK,0,0,OK,NONE,No major warning was found by the current checks.
Movie,/Volumes/Bag O Holdn/Videos (Project Nonsense)/Movies/Atlantis The Lost Empire.mp4,h264,High,1354x576,1354,576,1.01,23.976,23.976,yuv420p,False,OK,0,0,OK,NONE,No major warning was found by the current checks.
Movie,/Volumes/Bag O Holdn/Videos (Project Nonsense)/Movies/Ponyo.mp4,h264,High,852x480,852,480,0.66,23.976,23.976,yuv420p,False,OK,0,0,OK,NONE,No major warning was found by the current checks.
Movie,/Volumes/Bag O Holdn/Videos (Project Nonsense)/Movies/Hercules.mp4,h264,High,852x480,852,480,0.51,23.976,23.976,yuv420p,False,OK,0,0,OK,NONE,No major warning was found by the current checks.
Movie,/Volumes/Bag O Holdn/Videos (Project Nonsense)/Movies/Scarlet.mp4,h264,Main,1920x800,1920,800,2.44,23.976,23.976,yuv420p,False,OK,0,0,OK,NONE,No major warning was found by the current checks.
Movie,/Volumes/Bag O Holdn/Videos (Project Nonsense)/Movies/Spider Man Across the Spider-Verse.mp4,h264,High,1152x480,1152,480,1.38,23.976,23.976,yuv420p,False,OK,0,0,OK,NONE,No major warning was found by the current checks.
Movie,/Volumes/Bag O Holdn/Videos (Project Nonsense)/Movies/The Lego Movie.mp4,h264,High,1152x480,1152,480,0.76,23.976,23.976,yuv420p,False,OK,0,0,OK,NONE,No major warning was found by the current checks.
Movie,/Volumes/Bag O Holdn/Videos (Project Nonsense)/Movies/Porco Rosso.mp4,h264,High,720x480,720,480,0.62,23.976,23.976,yuv420p,False,OK,0,0,OK,NONE,No major warning was found by the current checks.
Movie,/Volumes/Bag O Holdn/Videos (Project Nonsense)/Movies/Nimona.mp4,h264,High,852x480,852,480,0.24,24.0,24.0,yuv420p,False,OK,0,0,OK,NONE,No major warning was found by the current checks.
Movie,/Volumes/Bag O Holdn/Videos (Project Nonsense)/Movies/Open Season 2.mp4,h264,High,1280x720,1280,720,0.87,23.976,23.976,yuv420p,False,OK,0,0,OK,NONE,No major warning was found by the current checks.
Movie,/Volumes/Bag O Holdn/Videos (Project Nonsense)/Movies/The Legend of Hei 2.mp4,h264,Main,1920x800,1920,800,1.52,24.0,24.0,yuv420p,False,OK,0,0,OK,NONE,No major warning was found by the current checks.
Movie,/Volumes/Bag O Holdn/Videos (Project Nonsense)/Movies/Megamind.mp4,h264,Main,1920x1080,1920,1080,4.1,25.0,25.0,yuv420p,False,OK,0,0,OK,NONE,No major warning was found by the current checks.
Movie,/Volumes/Bag O Holdn/Videos (Project Nonsense)/Movies/Super Mario Galaxy Movie.mp4,h264,Main,1722x720,1722,720,3.68,23.976,23.976,yuv420p,False,OK,0,0,OK,NONE,No major warning was found by the current checks.
Movie,/Volumes/Bag O Holdn/Videos (Project Nonsense)/Movies/The Legend of Hei 1.mp4,h264,High,2566x1080,2566,1080,0.91,24.0,24.0,yuv420p,False,HIGH RESOLUTION,1,90,VERY HIGH,HIGH RESOLUTION,"The file is 2566x1080, which is above 1080p. That is a heavy workload for a Raspberry Pi 3."
Movie,/Volumes/Bag O Holdn/Videos (Project Nonsense)/Movies/Super Mario Bros Movie.mp4,h264,High,2592x1080,2592,1080,3.31,23.976,23.976,yuv420p,False,HIGH RESOLUTION,1,90,VERY HIGH,HIGH RESOLUTION,"The file is 2592x1080, which is above 1080p. That is a heavy workload for a Raspberry Pi 3."
Movie,/Volumes/Bag O Holdn/Videos (Project Nonsense)/Movies/Project Hail Mary.mp4,hevc,Main,1920x1080,1920,1080,2.33,24.0,24.0,yuv420p,False,HEVC / H.265,1,100,EXTREME,HEVC / H.265,This is the most concerning codec for a Raspberry Pi 3. It can require much more CPU work than ordinary H.264 and may cause slow video while the audio keeps playing normally.
Movie,/Volumes/Bag O Holdn/Videos (Project Nonsense)/Movies/The Amazing Digital Circus The Last Act (Theater showing).mp4,h264,Main,1920x1080,1920,1080,2.38,24.0,24.0,yuv420p,False,OK,0,0,OK,NONE,No major warning was found by the current checks.
Movie,/Volumes/Bag O Holdn/Videos (Project Nonsense)/Movies/Milky Subway- The Galactic Limited Express Movie English Dubbed.mp4,h264,Main,1920x1080,1920,1080,3.08,23.976,23.976,yuv420p,False,OK,0,0,OK,NONE,No major warning was found by the current checks.
Movie,/Volumes/Bag O Holdn/Videos (Project Nonsense)/Movies/Princess and the Frog.mp4,h264,High,1280x720,1280,720,1.52,23.976,23.976,yuv420p,False,OK,0,0,OK,NONE,No major warning was found by the current checks.
Movie,/Volumes/Bag O Holdn/Videos (Project Nonsense)/Movies/Iron Lung.mp4,h264,Main,640x360,640,360,0.16,23.976,23.976,yuv420p,False,OK,0,0,OK,NONE,No major warning was found by the current checks.
Movie,/Volumes/Bag O Holdn/Videos (Project Nonsense)/Movies/Monsters vs Aliens.mp4,h264,High,1128x480,1128,480,0.67,23.976,23.976,yuv420p,False,OK,0,0,OK,NONE,No major warning was found by the current checks.
